"AC","Floor Level","accessibleForDisabled","adType_code","adType_id","agentEmployee_firstName","agentEmployee_id","agentEmployee_lastName","airy","alarm","attic","auction","availability","availableForDailyRent","awning","balcony","balconyArea","bright","builtInBBQ","byTheSea","category","caveBuilding","commonExpenses","corner","description","distanceSea","doubleGlass","electricCarChargingFacilities","elevator","energyClass","facade","fireplace","firstPublishDate","floorNumber","floorType","forCommercialUse","furnished","garage","garden","geographiesByLevel_2_fullName","geographiesByLevel_4_fullName","geographyParentIds_0","geographyParentIds_1","geographyParentIds_2","geographyParentIds_4","geographyParentIds_5","glassType","heatingController","heatingMedium","heatingUnderFloor","holidayHome","host_id","id","images/0","images/1","images/2","images/3","images/4","images/5","images/6","images/7","images/8","images/9","images/10","images/11","images/12","images/13","images/14","images/15","images/16","images/17","images/18","images/19","images/20","images/21","images/22","images/23","images/24","internal_stairs","investment","joinery","kitchens","latitude","leased","levels","livingRooms","longitude","lotSize","luxHome","mannedReception","medicalOffice","modified","negotiablePrice","neoclassic","nightPower","no_of_WC","no_of_bathrooms","numberOfFloors","orientation","painted","penthouse","pestNet","petsAllowed","playroom","pool","preserved","price","priceIncludesInternet","priceIncludesPower","priceIncludesSharedExp","priceIncludesWater","pricePerSqMeters","propertyPublishingOptionIds/0","propertyPublishingOptionIds/1","propertyPublishingOptionIds/2","published","renovated","renovationYear","requiresRenovation","road_type","rooms","satelite","secure_door","shortTermLetting","solar_heater","sq_meters","storage","storageArea","streetAddress","studentHome","subtype","unfinished","uploaded","url","view","wholeFloorApartment","year_of_construction","youtubeVideoId","zoning"
"1","1","no","simple","1",,,,"1","0","0","0","2026-07-16","0","1","1","0","1","0",,"house","0",,"1","ID.2523932 - Διαμέρισμα Προς Ενοικίαση, όροφος: 1ος, στην περιοχή: Γκύζη - Πεδίον Άρεως -Γκύζη - Άρειος Πάγος. Το εμβαδόν του ακινήτου είναι 90 τ.μ.. Αποτελείται από: 2 Υ/Δ 1 μπάνιο/α,, 1κουζίνα/ες, 1 σαλόνι/α, 1 τζάκι/α. Έχει κατασκευαστεί το 2007. Η θέρμανση του ακινήτου είναι Αυτόνομη με Φυσικό αέριο, ενώ επίσης διατίθεται Κλιματισμός, έχει κουφώματα Αλουμινίου, ενεργειακό πιστοποιητικό: Ζ και τα δάπεδα είναι: Πλακάκια. Η κατάστασή του είναι: Πολύ καλή, βρίσκεται κοντά σε Μετρό, Συγκοινωνίες, Κέντρο Πόλης, 10 Λεπτά από μετρό (Μετρό Αμπελοκήπων), έχει θέα Αστικό τοπίο και έχει Ανατολικομεσημβρινό προσανατολισμό. Το ακίνητο είναι Γωνιακό, Προσόψεως, Φωτεινό, Ευάερο, Ευήλιο, Διαμπερές, είναι κατάλληλο για Φοιτητές και επίσης διαθέτει τα παρακάτω χαρακτηριστικά και πλεονεκτήματα: Σίτες, Τέντες, Ασανσέρ, Ηλεκτρ. Συσκευές, Πόρτα Ασφαλείας, Ενεργειακά αυτόνομο. Οι πληροφορίες και τα χαρακτηριστικά των ακινήτων έχουν καταχωρηθεί βάσει των πληροφοριών και στοιχείων που μας προσκομίστηκαν. Η τοποθεσία του ακινήτου στον χάρτη είναι ενδεικτική. Η ενεργειακή κλάση των ακινήτων που είναι απαραίτητη η έκδοση ΠΕΑ μπορεί να διαφέρει από την αναγραφόμενη. Όλοι οι παρευρισκόμενοι κατά την υπόδειξη του ακινήτου είναι απαραίτητο να επιδείξουν την αστυνομική τους ταυτότητα και τον Α.Φ.Μ τους, σύμφωνα με τον Νόμο Ν.4072/2012 - ΦΕΚ 86/Α/11-4-2012. Τιμή: €880. Aspis Real Estate Αμπελοκήπων - Ψυχικού, Τηλέφωνο Επικοινωνίας: 2106910100, email: ampelokipoi@aspis-realestate.gr, website: www.aspisrealestate-ampelokipoi.gr",,,"0","1","8","1","1","2026-07-16","6","4","0","no","no","0","Αθήνα - Κέντρο (Αττική)","Γκύζη - Πεδίον Άρεως (Αθήνα - Κέντρο)","1","105103","100","6006","6129",,"1","2","0","0","1","1220396346","https://m1.spitogatos.gr/362004957_1600x1200.jpg?v=20130730","https://m2.spitogatos.gr/362004970_1600x1200.jpg?v=20130730","https://m1.spitogatos.gr/362004975_1600x1200.jpg?v=20130730","https://m2.spitogatos.gr/362004979_1600x1200.jpg?v=20130730","https://m2.spitogatos.gr/362004982_1600x1200.jpg?v=20130730","https://m3.spitogatos.gr/362004983_1600x1200.jpg?v=20130730","https://m3.spitogatos.gr/362004986_1600x1200.jpg?v=20130730","https://m2.spitogatos.gr/362004988_1600x1200.jpg?v=20130730","https://m1.spitogatos.gr/362004990_1600x1200.jpg?v=20130730","https://m2.spitogatos.gr/362004994_1600x1200.jpg?v=20130730","https://m1.spitogatos.gr/362004996_1600x1200.jpg?v=20130730","https://m1.spitogatos.gr/362004999_1600x1200.jpg?v=20130730","https://m1.spitogatos.gr/362005002_1600x1200.jpg?v=20130730","https://m2.spitogatos.gr/362005006_1600x1200.jpg?v=20130730","https://m3.spitogatos.gr/362005007_1600x1200.jpg?v=20130730","https://m3.spitogatos.gr/362005013_1600x1200.jpg?v=20130730","https://m3.spitogatos.gr/362005019_1600x1200.jpg?v=20130730","https://m3.spitogatos.gr/362005022_1600x1200.jpg?v=20130730",,,,,,,,"0","0","2","1","37.991196",,"1","1","23.751348",,"0","0","0","2026-07-16","0","0","0","0","1",,"3","0","0","1",,"0","0","0","880","0","0","0","0","9.78","1","3","6","1","0",,"0","1","2","0","1",,"0","90","0",,,"1","1","0","2026-07-16","https://www.spitogatos.gr/en/property/1220396346","1","0","2007",,
"1","5","no","simple","1",,,,"1","0","0","0","2026-06-29","0","1","1","0","1","0",,"house","0",,"0","ID.2502992 - Διαμέρισμα Προς Ενοικίαση, όροφος: 5ος, στην περιοχή: Γκύζη - Πεδίον Άρεως. Το εμβαδόν του ακινήτου είναι 85 τ.μ.. Αποτελείται από: 2 Υ/Δ 1 μπάνιο/α,, 1κουζίνα/ες, 1 σαλόνι/α, 1 τζάκι/α. Έχει κατασκευαστεί το 1980 και ανακαινίστηκε το 2026, ενώ επίσης διατίθεται Κλιματισμός, έχει κουφώματα Αλουμινίου, Ξύλινα με Μονά τζάμια, ενεργειακό πιστοποιητικό: Ε και τα δάπεδα είναι: Πλακάκια, Ξύλο, Μάρμαρο. Η κατάστασή του είναι: Ανακαινισμένο, βρίσκεται κοντά σε Συγκοινωνίες, Πάρκο, Σχολείο, Πλατεία, Εκκλησία, Λαική αγορά, Super Market, Εστίαση, 2 Λεπτά από στάση λεωφορείου (Γκύζη ), 15 Λεπτά από πανεπιστήμιο (Οικονομικό Πανεπιστήμιο Αθηνών), 500 Μέτρα από αλλο (Λεωφόρος Αλεξάνδρας ), έχει θέα Ανοιχτωσιά. Το ακίνητο είναι Οροφοδιαμέρισμα, Βαμμένο, Ρετιρέ, Προσόψεως, Φωτεινό, Ευάερο, Ευήλιο, Διαμπερές και επίσης διαθέτει τα παρακάτω χαρακτηριστικά και πλεονεκτήματα: Τέντες, Ασανσέρ, Πόρτα Ασφαλείας, Νυχτερινό Ρεύμα, Επιτρέπονται Κατοικίδια. Υπάρχει δυνατότητα τοποθέτησης ηλιακού θερμοσίφωνα, ενώ έχει και πολύ χαμηλά κοινόχρηστα. Οι πληροφορίες και τα χαρακτηριστικά των ακινήτων έχουν καταχωρηθεί βάσει των πληροφοριών και στοιχείων που μας προσκομίστηκαν. Η τοποθεσία του ακινήτου στον χάρτη είναι ενδεικτική. Η ενεργειακή κλάση των ακινήτων που είναι απαραίτητη η έκδοση ΠΕΑ μπορεί να διαφέρει από την αναγραφόμενη. Όλοι οι παρευρισκόμενοι κατά την υπόδειξη του ακινήτου είναι απαραίτητο να επιδείξουν την αστυνομική τους ταυτότητα και τον Α.Φ.Μ τους, σύμφωνα με τον Νόμο Ν.4072/2012 - ΦΕΚ 86/Α/11-4-2012. Τιμή: €880. Aspis Real Estate Αμπελοκήπων - Ψυχικού, Τηλέφωνο Επικοινωνίας: 2106910100, email: ampelokipoi@aspis-realestate.gr, website: www.aspisrealestate-ampelokipoi.gr",,,"0","1","7","1","1","2026-06-29","10","6","0","no","no","0","Αθήνα - Κέντρο (Αττική)","Γκύζη - Πεδίον Άρεως (Αθήνα - Κέντρο)","1","105103","100","6006",,"Single",,,"0","0","1","1220261713","https://m1.spitogatos.gr/359788692_1600x1200.jpg?v=20130730","https://m1.spitogatos.gr/359788695_1600x1200.jpg?v=20130730","https://m3.spitogatos.gr/359788697_1600x1200.jpg?v=20130730","https://m1.spitogatos.gr/359788701_1600x1200.jpg?v=20130730","https://m1.spitogatos.gr/359788704_1600x1200.jpg?v=20130730","https://m2.spitogatos.gr/359788711_1600x1200.jpg?v=20130730","https://m3.spitogatos.gr/359788718_1600x1200.jpg?v=20130730","https://m1.spitogatos.gr/359788722_1600x1200.jpg?v=20130730","https://m1.spitogatos.gr/359788728_1600x1200.jpg?v=20130730","https://m3.spitogatos.gr/359788733_1600x1200.jpg?v=20130730","https://m2.spitogatos.gr/359788738_1600x1200.jpg?v=20130730","https://m1.spitogatos.gr/359788746_1600x1200.jpg?v=20130730","https://m3.spitogatos.gr/359788751_1600x1200.jpg?v=20130730","https://m2.spitogatos.gr/359788762_1600x1200.jpg?v=20130730","https://m2.spitogatos.gr/359788771_1600x1200.jpg?v=20130730","https://m3.spitogatos.gr/359788781_1600x1200.jpg?v=20130730","https://m3.spitogatos.gr/359788793_1600x1200.jpg?v=20130730","https://m2.spitogatos.gr/359788804_1600x1200.jpg?v=20130730","https://m3.spitogatos.gr/359788814_1600x1200.jpg?v=20130730","https://m1.spitogatos.gr/359788818_1600x1200.jpg?v=20130730","https://m1.spitogatos.gr/359788824_1600x1200.jpg?v=20130730","https://m3.spitogatos.gr/359788829_1600x1200.jpg?v=20130730","https://m3.spitogatos.gr/359788835_1600x1200.jpg?v=20130730","https://m3.spitogatos.gr/359788841_1600x1200.jpg?v=20130730","https://m2.spitogatos.gr/359788849_1600x1200.jpg?v=20130730","0","0","2","1","37.992847",,"1","1","23.746038",,"0","0","0","2026-06-29","0","0","1","0","1",,,"1","1","0","1","0","0","0","880","0","0","0","0","10.35","1","3","6","1","1","2026","0","1","2","0","1",,"0","85","0",,,"0","1","0","2026-06-29","https://www.spitogatos.gr/en/property/1220261713","1","1","1980",,"residential"
"1","Ground Floor","no","simple","1",,,,"0","1","0","0","2026-06-25","0","0","0","0","1","0",,"house","0",,"0","Loft Προς Ενοικίαση, όροφος: Ισόγειο, στην περιοχή: Γκύζη - Πεδίον Άρεως - Πλατεία Γκύζη. Το εμβαδόν του ακινήτου είναι 40 τ.μ.. Αποτελείται από: 1 Υ/Δ, 1 μπάνιο/α, 1 κουζίνα/ες, 1 σαλόνι/α. Έχει κατασκευαστεί το 1950 και ανακαινίστηκε το 2026. Η θέρμανση του ακινήτου είναι Χωρίς, ενώ επίσης διατίθεται Κλιματισμός, έχει κουφώματα Αλουμινίου με Tριπλά τζάμια, ενεργειακό πιστοποιητικό: Ζ και τα δάπεδα είναι: Πλακάκια, Ξύλο. Η κατάστασή του είναι: Ανακαινισμένο, Καταπληκτική, βρίσκεται κοντά σε Συγκοινωνίες, Πλατεία, Εκκλησία, Λαική αγορά, Super Market, Κέντρο Πόλης, Μουσείο, Πανεπιστήμιο, Αγορά, Εστίαση. Το ακίνητο είναι Βαμμένο, Επιπλωμένο, Προσόψεως, Φωτεινό, Πολυτελές, Αρχοντικό, Νεοκλασικό, Μοντέρνο, είναι κατάλληλο για Φοιτητές και επίσης διαθέτει τα παρακάτω χαρακτηριστικά και πλεονεκτήματα: Σίτες, Ηλεκτρ. Συσκευές, Εσωτερική σκάλα, Πόρτα Ασφαλείας, Συναγερμός, Κάμερες Ασφαλείας, Internet, Χωρίς Κοινόχρηστα, Ησυχη γειτονιά, Οπτική ίνα. Τιμή: €700. ARC Real Estate, Τηλέφωνο Επικοινωνίας: 2107777377, email: zografou@arc-sa.gr, website: www.arcsa.gr",,,"0","0","8","1","0","2026-06-25","3","10","0","yes","no","0","Αθήνα - Κέντρο (Αττική)","Γκύζη - Πεδίον Άρεως (Αθήνα - Κέντρο)","1","105103","100","6006","2010","Triple","3",,"0","0","1","1220216110","https://m3.spitogatos.gr/359010914_1600x1200.jpg?v=20130730","https://m3.spitogatos.gr/359010917_1600x1200.jpg?v=20130730","https://m1.spitogatos.gr/359010921_1600x1200.jpg?v=20130730","https://m1.spitogatos.gr/359010924_1600x1200.jpg?v=20130730","https://m2.spitogatos.gr/359010934_1600x1200.jpg?v=20130730","https://m2.spitogatos.gr/359010937_1600x1200.jpg?v=20130730","https://m1.spitogatos.gr/359010942_1600x1200.jpg?v=20130730","https://m2.spitogatos.gr/359010946_1600x1200.jpg?v=20130730","https://m2.spitogatos.gr/359010949_1600x1200.jpg?v=20130730","https://m2.spitogatos.gr/359010955_1600x1200.jpg?v=20130730","https://m3.spitogatos.gr/359010959_1600x1200.jpg?v=20130730","https://m1.spitogatos.gr/359010966_1600x1200.jpg?v=20130730","https://m3.spitogatos.gr/359010971_1600x1200.jpg?v=20130730","https://m1.spitogatos.gr/359010978_1600x1200.jpg?v=20130730","https://m3.spitogatos.gr/359010983_1600x1200.jpg?v=20130730","https://m1.spitogatos.gr/359010990_1600x1200.jpg?v=20130730","https://m1.spitogatos.gr/359010996_1600x1200.jpg?v=20130730","https://m1.spitogatos.gr/359011002_1600x1200.jpg?v=20130730","https://m2.spitogatos.gr/359011006_1600x1200.jpg?v=20130730","https://m2.spitogatos.gr/359011012_1600x1200.jpg?v=20130730","https://m1.spitogatos.gr/359011017_1600x1200.jpg?v=20130730","https://m2.spitogatos.gr/359011021_1600x1200.jpg?v=20130730","https://m3.spitogatos.gr/361026017_1600x1200.jpg?v=20130730","https://m2.spitogatos.gr/361026028_1600x1200.jpg?v=20130730","https://m2.spitogatos.gr/361026040_1600x1200.jpg?v=20130730","1","0","2","1","37.991917","0","1","1","23.747957",,"1","0","0","2026-07-09","0","1","0","0","1","2",,"1","0","1",,"0","0","0","700","0","0","0","0","17.5","1","3","6","1","1","2026","0",,"1","0","1",,"0","40","0",,,"1","11","0","2026-06-25","https://www.spitogatos.gr/en/property/1220216110","0","0","1950",,"residential"
"1","Ground Floor","no","simple","1",,,,"0","1","0","0","2026-06-25","0","0","0","0","1","0",,"house","0",,"0","Loft Προς Ενοικίαση, όροφος: Ισόγειο, στην περιοχή: Γκύζη - Πεδίον Άρεως - Πλατεία Γκύζη. Το εμβαδόν του ακινήτου είναι 42 τ.μ.. Αποτελείται από: 1 Υ/Δ, 1 μπάνιο/α, 1 κουζίνα/ες, 1 σαλόνι/α. Έχει κατασκευαστεί το 1950 και ανακαινίστηκε το 2026. Η θέρμανση του ακινήτου είναι Χωρίς, ενώ επίσης διατίθεται Κλιματισμός, έχει κουφώματα Αλουμινίου με Διπλά τζάμια, ενεργειακό πιστοποιητικό: Ζ και τα δάπεδα είναι: Πλακάκια, Ξύλο. Η κατάστασή του είναι: Ανακαινισμένο, Καταπληκτική, βρίσκεται κοντά σε Συγκοινωνίες, Πλατεία, Εκκλησία, Λαική αγορά, Super Market, Κέντρο Πόλης, Μουσείο, Πανεπιστήμιο, Αγορά, Εστίαση. Το ακίνητο είναι Βαμμένο, Επιπλωμένο, Προσόψεως, Φωτεινό, Πολυτελές, Αρχοντικό, Νεοκλασικό, Μοντέρνο, είναι κατάλληλο για Φοιτητές και επίσης διαθέτει τα παρακάτω χαρακτηριστικά και πλεονεκτήματα: Σίτες, Ασανσέρ, Εσωτερική σκάλα, Πόρτα Ασφαλείας, Συναγερμός, Κάμερες Ασφαλείας, Internet, Χωρίς Κοινόχρηστα, Ησυχη γειτονιά, Οπτική ίνα. Τιμή: €700. ARC Real Estate, Τηλέφωνο Επικοινωνίας: 2107777377, email: zografou@arc-sa.gr, website: www.arcsa.gr",,,"0","1","8","1","0","2026-06-25","3","10","0","yes","no","0","Αθήνα - Κέντρο (Αττική)","Γκύζη - Πεδίον Άρεως (Αθήνα - Κέντρο)","1","105103","100","6006","2010","Double","3",,"0","0","1","1220216055","https://m2.spitogatos.gr/359010775_1600x1200.jpg?v=20130730","https://m2.spitogatos.gr/359010778_1600x1200.jpg?v=20130730","https://m3.spitogatos.gr/359010782_1600x1200.jpg?v=20130730","https://m3.spitogatos.gr/359010785_1600x1200.jpg?v=20130730","https://m3.spitogatos.gr/359010788_1600x1200.jpg?v=20130730","https://m1.spitogatos.gr/359010792_1600x1200.jpg?v=20130730","https://m3.spitogatos.gr/359010797_1600x1200.jpg?v=20130730","https://m2.spitogatos.gr/359009473_1600x1200.jpg?v=20130730","https://m1.spitogatos.gr/359009481_1600x1200.jpg?v=20130730","https://m2.spitogatos.gr/359009491_1600x1200.jpg?v=20130730","https://m3.spitogatos.gr/359009498_1600x1200.jpg?v=20130730","https://m3.spitogatos.gr/359009504_1600x1200.jpg?v=20130730","https://m2.spitogatos.gr/359009509_1600x1200.jpg?v=20130730","https://m3.spitogatos.gr/359009531_1600x1200.jpg?v=20130730","https://m1.spitogatos.gr/359009547_1600x1200.jpg?v=20130730","https://m2.spitogatos.gr/359009554_1600x1200.jpg?v=20130730","https://m2.spitogatos.gr/359009557_1600x1200.jpg?v=20130730","https://m2.spitogatos.gr/359009566_1600x1200.jpg?v=20130730","https://m3.spitogatos.gr/359009576_1600x1200.jpg?v=20130730","https://m2.spitogatos.gr/359009587_1600x1200.jpg?v=20130730","https://m3.spitogatos.gr/359009588_1600x1200.jpg?v=20130730","https://m1.spitogatos.gr/359009601_1600x1200.jpg?v=20130730","https://m1.spitogatos.gr/359009604_1600x1200.jpg?v=20130730","https://m2.spitogatos.gr/359009632_1600x1200.jpg?v=20130730","https://m3.spitogatos.gr/359009636_1600x1200.jpg?v=20130730","1","0","2","1","37.991917",,"1","1","23.747957",,"1","0","0","2026-07-09","0","1","0","0","1","3",,"1","0","1",,"0","0","0","700","0","0","0","0","16.67","1","3","6","1","1","2026","0",,"1","0","1",,"0","42","0",,,"1","11","0","2026-06-25","https://www.spitogatos.gr/en/property/1220216055","0","0","1950",,"residential"
"1","Ground Floor","no","simple","1",,,,"0","0","0","0","2026-07-21","0","0","0","0","1","0",,"house",,,"1","Κωδικός ακινήτου: 1-2084 - Γκύζη - Πεδίον Άρεως Γκύζη - Άρειος Πάγος  ΕΝΟΙΚΙΑΖΕΤΑΙ     διαμέρισμα  iσόγειο υπερυψωμένο συνολικής επιφάνειας 82.00 τ.μ.  . Αποτελείται από 4 υπνοδωμάτια,  κουζίνα, μπάνιο . Είναι κατασκευασμένο το 1963 με ενεργειακή κλάση Ε  και διαθέτει θέρμανση κλιματισμός,  κουφώματα ξύλινα, πατώματα από μωσαϊκό και ξύλο, πόρτα ασφαλείας,  A/C     απόσταση από μετρό 1100 μέτρα - Τιμή: 650 €  <br>Ενοικιάζεται διαμέρισμα 82 τ.μ., υπερυψωμένου ισογείου, γωνιακό, προσόψεως και πολύ φωτεινό, σε καλή κατάσταση. Αποτελείται από 3 δωμάτια και ένα χολ υποδοχής, κουζίνα και μπάνιο. Διαθέτει κλιματισμό, ξύλινα κουφώματα, δάπεδα με παρκέ και μωσαϊκό, πόρτα ασφαλείας και μονοφασικό ρεύμα. Βρίσκεται πολύ κοντά στον Άρειο Πάγο, 15 λεπτά από το σταθμό του μετρό Αμπελόκηποι.  <br> <br>",,,,"0","7","1","0","2026-07-21","3","11","0","no","no","0","Αθήνα - Κέντρο (Αττική)","Γκύζη - Πεδίον Άρεως (Αθήνα - Κέντρο)","1","105103","100","6006","6129","Single","4","4","0","0","1","1220428976","https://m2.spitogatos.gr/362516593_1600x1200.jpg?v=20130730","https://m3.spitogatos.gr/362516600_1600x1200.jpg?v=20130730","https://m2.spitogatos.gr/362516617_1600x1200.jpg?v=20130730","https://m2.spitogatos.gr/362516620_1600x1200.jpg?v=20130730","https://m3.spitogatos.gr/362516627_1600x1200.jpg?v=20130730","https://m2.spitogatos.gr/362516632_1600x1200.jpg?v=20130730","https://m3.spitogatos.gr/362516642_1600x1200.jpg?v=20130730","https://m3.spitogatos.gr/362516651_1600x1200.jpg?v=20130730","https://m2.spitogatos.gr/362516662_1600x1200.jpg?v=20130730","https://m1.spitogatos.gr/362516670_1600x1200.jpg?v=20130730","https://m2.spitogatos.gr/362516695_1600x1200.jpg?v=20130730","https://m3.spitogatos.gr/362516705_1600x1200.jpg?v=20130730","https://m3.spitogatos.gr/362516711_1600x1200.jpg?v=20130730","https://m1.spitogatos.gr/362516715_1600x1200.jpg?v=20130730","https://m3.spitogatos.gr/362516732_1600x1200.jpg?v=20130730","https://m1.spitogatos.gr/362516745_1600x1200.jpg?v=20130730","https://m1.spitogatos.gr/362516751_1600x1200.jpg?v=20130730","https://m3.spitogatos.gr/362516759_1600x1200.jpg?v=20130730","https://m1.spitogatos.gr/362516814_1600x1200.jpg?v=20130730","https://m3.spitogatos.gr/362516828_1600x1200.jpg?v=20130730","https://m2.spitogatos.gr/362516833_1600x1200.jpg?v=20130730","https://m1.spitogatos.gr/362516865_1600x1200.jpg?v=20130730",,,,"0","0","1","1","37.991039",,,"0","23.749073",,"0",,,"2026-07-21","0","0","0","0","1","6","5","0","0","0",,"0","0","0","650","0","0","0","0","7.93","1","3","6","1","0",,"0","1","4","0","1",,"0","82","0",,,"0","1","0","2026-07-21","https://www.spitogatos.gr/en/property/1220428976","0","0","1963","LdislTFkEvg","residential"
"1","1","no","simple","1",,,,"0","1","0","0","2026-06-16","0","0","0","0","1","0",,"house","0",,"0","Ενοικιάζεται διαμπερές φωτεινό διαμέρισμα 100 τ.μ. 1ου ορόφου,  σε εξαιρετική τοποθεσία ανάμεσα στο Εθνικό Αρχαιολογικό Μουσείο και το Πεδίον του Άρεως.<br />
<br />
Αποτελείται από δύο μεγάλα κύρια δωμάτια, δύο υπνοδωμάτια, ευρύχωρο χολ υποδοχής, ανακαινισμένη κουζίνα, λουτρό, WC, μικρό βοηθητικό δωμάτιο και μεγάλο πατάρι που προσφέρει επιπλέον αποθηκευτικούς χώρους.<br />
<br />
Στην πρόσοψη και στην πίσω όψη του ακινήτου υπάρχουν μικρά μπαλκόνια, ενώ στους κύριους χώρους διατηρούνται τα αυθεντικά δρύινα πατώματα και τα ξύλινα κουφώματα σε άριστη κατάσταση, στοιχεία που αναδεικνύουν τη μοναδική αρχιτεκτονική φυσιογνωμία και τη διαχρονική γοητεία του διαμερίσματος.<br />
<br />
Διαθέτει κεντρική θέρμανση με φυσικό αέριο, κλιματισμό σε δύο από τα τέσσερα κύρια δωμάτια και εγκατάσταση συναγερμού.<br />
<br />
Μια ξεχωριστή πρόταση κατοικίας για όσους αναζητούν έναν χώρο με χαρακτήρα, υψηλή αισθητική και προνομιακή θέση στο κέντρο της Αθήνας, με άμεση πρόσβαση σε σημαντικά σημεία πολιτισμού, αναψυχής και μετακίνησης.<br />
<br />
Τιμή: €1.050. Exclusive Agents, Τηλέφωνο Επικοινωνίας: 2102200880, email: info@exclusiveagents.gr, website: www.exclusiveagents.gr",,,"0","1","9","0","0","2026-06-16","6","2","0","no","no","0","Αθήνα - Κέντρο (Αττική)","Γκύζη - Πεδίον Άρεως (Αθήνα - Κέντρο)","1","105103","100","6006",,"Double","2","2","0","0","1","1220135251","https://m2.spitogatos.gr/357485539_1600x1200.jpg?v=20130730","https://m1.spitogatos.gr/357485541_1600x1200.jpg?v=20130730","https://m2.spitogatos.gr/357485545_1600x1200.jpg?v=20130730","https://m1.spitogatos.gr/357485547_1600x1200.jpg?v=20130730","https://m3.spitogatos.gr/357485552_1600x1200.jpg?v=20130730","https://m3.spitogatos.gr/357485555_1600x1200.jpg?v=20130730","https://m2.spitogatos.gr/357485560_1600x1200.jpg?v=20130730","https://m1.spitogatos.gr/357485562_1600x1200.jpg?v=20130730","https://m1.spitogatos.gr/357485568_1600x1200.jpg?v=20130730","https://m3.spitogatos.gr/357485573_1600x1200.jpg?v=20130730","https://m1.spitogatos.gr/357485577_1600x1200.jpg?v=20130730","https://m3.spitogatos.gr/357485579_1600x1200.jpg?v=20130730","https://m1.spitogatos.gr/357485583_1600x1200.jpg?v=20130730","https://m3.spitogatos.gr/357485585_1600x1200.jpg?v=20130730","https://m2.spitogatos.gr/357485587_1600x1200.jpg?v=20130730","https://m2.spitogatos.gr/357485590_1600x1200.jpg?v=20130730","https://m1.spitogatos.gr/357485592_1600x1200.jpg?v=20130730",,,,,,,,,"0","0","1","1","37.995487",,"1","0","23.732571",,"0","0","0","2026-06-16","0","0","1","0","1",,,"0","0","0",,"0","0","0","1050","0","0","0","0","10.5","1","3","6","1","0",,"0",,"2","0","0",,"0","100","1",,,"0","1","0","2026-06-16","https://www.spitogatos.gr/en/property/1220135251","0","0","1936",,
"0","2","no","simple","1",,,,"0","0","0","0","2026-07-17","0","0","1","20","1",,"false","house","0",,"0","Γκύζη (πλησίον Πεδίου Άρεως): Διατίθεται προς μίσθωση διαμέρισμα 2ου ορόφου, συνολικής επιφάνειας 77 τ.μ., σε πολύ καλή κατάσταση, σε ήσυχο δρόμο, με θέα στο άλσος των Δικαστηρίων της Ευελπίδων. <br />
<br />
Είναι προσόψεως, διαμπερές και μερικώς ανακαινισμένο το 2026.<br />
Αποτελείται από άνετο χώρο υποδοχής, ανεξάρτητη κουζίνα, δύο υπνοδωμάτια με εντοιχισμένες ντουλάπες, λουτρό και WC. Διαθέτει μπαλκόνια εμπρός και πίσω, δάπεδα από μάρμαρο και ξύλο, ασανσέρ, επαρκείς αποθηκευτικούς χώρους, νέα πόρτα ασφαλείας υψηλής αντοχής, κουφώματα αλουμινίου με διπλά τζάμια και εγκατάσταση οπτικής ίνας.<br />
<br />
Η θέρμανση είναι κεντρική με πετρέλαιο, ενώ το ακίνητο κατατάσσεται στην ενεργειακή κλάση Δ. Βρίσκεται σε καλά συντηρημένη πολυκατοικία με χαμηλά κοινόχρηστα.<br />
https://theprosperty.com/listings/16750<br />
☎️ 210 6812500","11000","1","0","1","6","1","0","2026-03-27","7","6","0","no","no","0","Αθήνα - Κέντρο (Αττική)","Γκύζη - Πεδίον Άρεως (Αθήνα - Κέντρο)","1","105103","100","6006","2010","Double","2","1","0","0","1","1219624361","https://m1.spitogatos.gr/362228652_1600x1200.jpg?v=20130730","https://m3.spitogatos.gr/362228666_1600x1200.jpg?v=20130730","https://m2.spitogatos.gr/362228683_1600x1200.jpg?v=20130730","https://m3.spitogatos.gr/362228696_1600x1200.jpg?v=20130730","https://m2.spitogatos.gr/362228707_1600x1200.jpg?v=20130730","https://m2.spitogatos.gr/362228716_1600x1200.jpg?v=20130730","https://m3.spitogatos.gr/362228726_1600x1200.jpg?v=20130730","https://m1.spitogatos.gr/362228739_1600x1200.jpg?v=20130730","https://m3.spitogatos.gr/362228747_1600x1200.jpg?v=20130730","https://m3.spitogatos.gr/362228756_1600x1200.jpg?v=20130730","https://m1.spitogatos.gr/362228763_1600x1200.jpg?v=20130730","https://m3.spitogatos.gr/362228768_1600x1200.jpg?v=20130730",,,,,,,,,,,,,,,"0","2","1","37.99358",,"1","1","23.745115","240","0",,,"2026-07-17","0","0",,"0","2","5",,"1","0","0",,"0",,"0","650","0","0","0","0","8.44","1","3","6","1","0",,"0","1","2",,"1",,"0","77","0",,,"1","1","0","2026-03-27","https://www.spitogatos.gr/en/property/1219624361","1","0","1980","O7QBTE6l_30","residential"
"1","3","no","simple","1",,,,"1","0","0","0","2026-07-02","0","0","1","0","0","0",,"house","0",,"0","Διαμέρισμα Προς Ενοικίαση, όροφος: 3ος, στην περιοχή: Γκύζη - Πεδίον Άρεως. Το εμβαδόν του ακινήτου είναι 72 τ.μ.. Αποτελείται από: 2 Υ/Δ (1 Master), 2 μπάνιο/α, 1 κουζίνα/ες, 1 σαλόνι/α. Έχει κατασκευαστεί το 1970 και ανακαινίστηκε το 2023. Η θέρμανση του ακινήτου είναι Αυτόνομη με Φυσικό αέριο, ενώ επίσης διατίθεται Κλιματισμός, έχει κουφώματα Αλουμινίου με Διπλά τζάμια, ενεργειακό πιστοποιητικό: Γ και τα δάπεδα είναι: Πλακάκια, Ξύλο. Η κατάστασή του είναι: Ανακαινισμένο, Πολύ καλή. Το ακίνητο είναι Επιπλωμένο, Προσόψεως, Διαμπερές και επίσης διαθέτει τα παρακάτω χαρακτηριστικά και πλεονεκτήματα: Σίτες, Ασανσέρ, Ηλεκτρ. Συσκευές, Πόρτα Ασφαλείας. Τιμή: €900. Paloma Properties, Τηλέφωνο Επικοινωνίας: 6937487377, email: info@paloma.gr",,,"0","1","5","1","0","2026-07-02","8","10","0","yes","no","0","Αθήνα - Κέντρο (Αττική)","Γκύζη - Πεδίον Άρεως (Αθήνα - Κέντρο)","1","105103","100","6006",,"Double","1","2","0","0","1","1220286824","https://m2.spitogatos.gr/360192721_1600x1200.jpg?v=20130730","https://m3.spitogatos.gr/360192725_1600x1200.jpg?v=20130730","https://m2.spitogatos.gr/360192730_1600x1200.jpg?v=20130730","https://m3.spitogatos.gr/360192737_1600x1200.jpg?v=20130730","https://m2.spitogatos.gr/360192745_1600x1200.jpg?v=20130730","https://m3.spitogatos.gr/360192752_1600x1200.jpg?v=20130730","https://m2.spitogatos.gr/360192760_1600x1200.jpg?v=20130730","https://m2.spitogatos.gr/360192766_1600x1200.jpg?v=20130730","https://m3.spitogatos.gr/360192770_1600x1200.jpg?v=20130730","https://m3.spitogatos.gr/360192776_1600x1200.jpg?v=20130730","https://m2.spitogatos.gr/360192781_1600x1200.jpg?v=20130730","https://m2.spitogatos.gr/360192790_1600x1200.jpg?v=20130730","https://m3.spitogatos.gr/360192797_1600x1200.jpg?v=20130730","https://m2.spitogatos.gr/360192805_1600x1200.jpg?v=20130730","https://m3.spitogatos.gr/360192812_1600x1200.jpg?v=20130730","https://m3.spitogatos.gr/360192818_1600x1200.jpg?v=20130730",,,,,,,,,,"0","0","2","1","37.99152",,"1","1","23.739513",,"0","0","0","2026-07-02","0","0","0","0","2",,,"0","0","1",,"0","0","0","900","0","0","0","0","12.5","1","3","6","1","1","2023","0",,"2","0","1",,"0","72","0",,,"0","1","0","2026-07-02","https://www.spitogatos.gr/en/property/1220286824","0","0","1970",,"residential"
"0","3",,"simple","1","Θεόδωρος","89645","Ταρλαγιάς","1","0","0","0","2026-05-12","0","1","1","1","1",,,"house",,"0","0","Στην περιοχή Γκύζη - Πεδίον Άρεως, στον Λόφο Φινοπούλου, διατίθεται προς ενοικίαση ένα πλήρως ανακαινισμένο διαμπερές διαμέρισμα 70τ.μ. στον 3ο όροφο με ασανσέρ. Το ακίνητο διαθέτει κεντρική θέρμανση πετρελαίου και αποτελείται από ένα ευρύχωρο υπνοδωμάτιο, μία λειτουργική κουζίνα, ένα άνετο σαλόνι και ένα μπάνιο. Κατασκευασμένο το 1962, το διαμέρισμα είναι βαμμένο και παρέχει όμορφη θέα.<br><br />
Τα κουφώματα αλουμινίου με διπλά τζάμια, η πόρτα ασφαλείας, οι τέντες και οι σίτες συμπληρώνουν τις παροχές του, καθιστώντας το ιδανικό για επαγγελματική χρήση. Η ενεργειακή του κλάση είναι Ζ.<br><br />
Κωδικός Ακινήτου: #1539888<br>",,"1",,"1","8","1","0","2026-05-15","8","4","1","no","no","0","Αθήνα - Κέντρο (Αττική)","Γκύζη - Πεδίον Άρεως (Αθήνα - Κέντρο)","1","105103","100","6006","6128",,"2","1","0","0","1","1219891282","https://m3.spitogatos.gr/353567663_1600x1200.jpg?v=20130730","https://m1.spitogatos.gr/353567664_1600x1200.jpg?v=20130730","https://m3.spitogatos.gr/353567666_1600x1200.jpg?v=20130730","https://m3.spitogatos.gr/353567669_1600x1200.jpg?v=20130730","https://m1.spitogatos.gr/353567670_1600x1200.jpg?v=20130730","https://m3.spitogatos.gr/353567672_1600x1200.jpg?v=20130730","https://m1.spitogatos.gr/353567685_1600x1200.jpg?v=20130730","https://m2.spitogatos.gr/353567701_1600x1200.jpg?v=20130730","https://m1.spitogatos.gr/353567703_1600x1200.jpg?v=20130730","https://m3.spitogatos.gr/353567705_1600x1200.jpg?v=20130730","https://m2.spitogatos.gr/353567707_1600x1200.jpg?v=20130730","https://m1.spitogatos.gr/353567709_1600x1200.jpg?v=20130730","https://m3.spitogatos.gr/353567711_1600x1200.jpg?v=20130730","https://m2.spitogatos.gr/353567713_1600x1200.jpg?v=20130730","https://m3.spitogatos.gr/353567717_1600x1200.jpg?v=20130730","https://m3.spitogatos.gr/353567720_1600x1200.jpg?v=20130730","https://m2.spitogatos.gr/353567722_1600x1200.jpg?v=20130730","https://m1.spitogatos.gr/353567724_1600x1200.jpg?v=20130730","https://m1.spitogatos.gr/353567727_1600x1200.jpg?v=20130730",,,,,,,"0","0","2","1","37.99091",,"1","1","23.740688",,"0",,,"2026-07-26","0","0","0","0","1",,"7","1","0","1",,"0","0","0","1100","0","0","0","0","15.71","1","3","6","1","1","2026","0",,"1","0","1",,"0","70","0",,,"0","1","0","2026-05-15","https://www.spitogatos.gr/en/property/1219891282",,,"1962",,
"1","3","no","simple","1",,,,"0","0","0","0","2026-07-15","0","1","1","0","1","0",,"house","0","35","0","Διαμέρισμα Προς Ενοικίαση, όροφος: 3ος, στην περιοχή: Γκύζη - Πεδίον Άρεως. Το εμβαδόν του ακινήτου είναι 50 τ.μ.. Αποτελείται από: 1 Υ/Δ, 1 μπάνιο/α, 1 κουζίνα/ες, 1 σαλόνι/α. Έχει κατασκευαστεί το 1975 και ανακαινίστηκε το 2015. Η θέρμανση του ακινήτου είναι Κεντρική με Πετρέλαιο, ενώ επίσης διατίθεται Κλιματισμός, έχει κουφώματα Αλουμινίου με Διπλά τζάμια, ενεργειακό πιστοποιητικό: Ζ και τα δάπεδα είναι: Πλακάκια, Ξύλο. Η κατάστασή του είναι: Φρεσκοβαμμένο, βρίσκεται κοντά σε Ηλεκτρικό, Συγκοινωνίες, Super Market, Πανεπιστήμιο, Αγορά. Το ακίνητο είναι Βαμμένο, Επιπλωμένο, Προσόψεως, Φωτεινό, Ευάερο, Ευήλιο, είναι κατάλληλο για Φοιτητές, Συγκατοίκηση και επίσης διαθέτει τα παρακάτω χαρακτηριστικά και πλεονεκτήματα: Τέντες, Ασανσέρ, Ηλεκτρ. Συσκευές, Πόρτα Ασφαλείας. Ως εγγύηση ο ιδιοκτήτης ζητά 2 ενοίκια και το τρέχον. Τα κατοικίδια δεν είναι ευπρόσδεκτα. Τιμή: €600. Lionbridge, Τηλέφωνο Επικοινωνίας: 2109969646, 6980980431, email: info@lionbridge.gr",,,"0","1","8","1","0","2026-07-15","8","10","0","yes","no","0","Αθήνα - Κέντρο (Αττική)","Γκύζη - Πεδίον Άρεως (Αθήνα - Κέντρο)","1","105103","100","6006",,"Double","2","1","0","0","1","1220389250","https://m2.spitogatos.gr/361893190_1600x1200.jpg?v=20130730","https://m3.spitogatos.gr/361893194_1600x1200.jpg?v=20130730","https://m2.spitogatos.gr/361893199_1600x1200.jpg?v=20130730","https://m1.spitogatos.gr/361893204_1600x1200.jpg?v=20130730","https://m2.spitogatos.gr/361893208_1600x1200.jpg?v=20130730","https://m1.spitogatos.gr/361893210_1600x1200.jpg?v=20130730","https://m2.spitogatos.gr/361893214_1600x1200.jpg?v=20130730","https://m2.spitogatos.gr/361893217_1600x1200.jpg?v=20130730","https://m3.spitogatos.gr/361893221_1600x1200.jpg?v=20130730","https://m3.spitogatos.gr/361893224_1600x1200.jpg?v=20130730","https://m1.spitogatos.gr/361893228_1600x1200.jpg?v=20130730","https://m2.spitogatos.gr/361893232_1600x1200.jpg?v=20130730","https://m2.spitogatos.gr/361893235_1600x1200.jpg?v=20130730","https://m1.spitogatos.gr/361893243_1600x1200.jpg?v=20130730",,,,,,,,,,,,"0","0","2","1","37.991852","0","1","1","23.742714",,"0","0","0","2026-07-15","0","0","0","0","1",,,"1","0","0",,"0","0","0","600","0","0","0","0","12","1","3","6","1","0",,"0",,"1","0","1",,"0","50","0",,,"1","1","0","2026-07-15","https://www.spitogatos.gr/en/property/1220389250","0","0","1975",,"residential"
"1","2","no","simple","1",,,,"1","1","0","0","2026-07-03","0","0","1","0","1",,,"house",,"30","0","Διαμέρισμα 2ου ορόφου (50μ από πάρκο Δικαστηρίων, 300μ από πλ. Γκύζη) εξαιρετικής κατασκευής σε ήσυχο σημείο καλοδιατηρημένο, με 1 υπνοδωμάτιο με δυνατότητα άνετα δευτέρου με ντουλάπες, . Μάρμαρινα και ξύλινο δάπεδα και πολλούς αποθηκευτικούς χώρους/ ντουλάπες, μπαλκόνια σε κάθε δωμάτιο και πλευρά, με πλαϊνή θέα σε δασάκι. Η πολυκατοικία είναι σε πολύ καλή κατάσταση με κάμερες, οπτικές ίνες και πυροσβεστήρες, εχει δυο διαμερίσματα ανα όροφο και κατοικείται από οικογένειες που έχουν καλή συνεννόηση μεταξύ τους. Προσφέρεται και για επαγγελματική στέγη καθώς ο ένα χώρος ανεξαρτητοποιείται, πέραν του ενός υπνοδωματίου. <br />
Ενοικίαση, Διαμέρισμα,  Μπάνια: 2,  Εμβαδόν: 77 τ.μ.,  Δωμάτια: 2,  Έτος κατασκευής: 1980,  Για φοιτητές,  Κλιματισμός,  Θέα,  Βεράντα,  Ασανσέρ,  Πόρτα ασφαλείας,  Συναγερμός,  Αποθήκη,  Όροφος: 2ος,  Κατάλληλο για Επαγγ. Χρήση,  Δορυφορική κεραία,  Ανακαινισμένο,  Διαμπερές,  Φωτεινό,  Κουζίνες: 1,  Κουφώματα: Αλουμινίου,  Τύπος δαπέδων: Μάρμαρο,  Θέρμανση: Κεντρική θέρμανση,  Μέσο θέρμανσης: Πετρέλαιο,  Πρόσβαση από: Άσφαλτο,  Ζώνη: Οικιστική ζώνη,  Ενεργειακή κλάση: Δ,  Προσανατολισμός: Βορειοανατολικός,  Ρεύμα: Τριφασικό,  Μηνιαία κοινόχρηστα: 30",,"0",,"1","6","0","0","2026-03-30","7","1","1","no","no","0","Αθήνα - Κέντρο (Αττική)","Γκύζη - Πεδίον Άρεως (Αθήνα - Κέντρο)","1","105103","100","6006","2010",,"2","1","0","0","1","1219635467","https://m3.spitogatos.gr/360325373_1600x1200.jpg?v=20130730","https://m2.spitogatos.gr/360325378_1600x1200.jpg?v=20130730","https://m2.spitogatos.gr/360325384_1600x1200.jpg?v=20130730","https://m2.spitogatos.gr/360325387_1600x1200.jpg?v=20130730","https://m3.spitogatos.gr/360325391_1600x1200.jpg?v=20130730","https://m2.spitogatos.gr/360325396_1600x1200.jpg?v=20130730","https://m2.spitogatos.gr/360325402_1600x1200.jpg?v=20130730","https://m3.spitogatos.gr/360325406_1600x1200.jpg?v=20130730","https://m2.spitogatos.gr/360325411_1600x1200.jpg?v=20130730","https://m3.spitogatos.gr/360325415_1600x1200.jpg?v=20130730","https://m1.spitogatos.gr/360325419_1600x1200.jpg?v=20130730","https://m3.spitogatos.gr/360325424_1600x1200.jpg?v=20130730","https://m1.spitogatos.gr/360325428_1600x1200.jpg?v=20130730","https://m1.spitogatos.gr/360325431_1600x1200.jpg?v=20130730","https://m1.spitogatos.gr/360325437_1600x1200.jpg?v=20130730","https://m1.spitogatos.gr/360325440_1600x1200.jpg?v=20130730",,,,,,,,,,"0","0","2","1","37.993404",,"1","0","23.74596",,"0",,,"2026-07-03","0","0","0","0","2",,"5","0","0","0",,"0","0","0","650","0","0","0","0","8.44","1","3","6","1","1",,"0","1","2","1","1",,"0","77","1",,"","1","1","0","2026-03-30","https://www.spitogatos.gr/en/property/1219635467","1",,"1980",,"residential"
"1","4","no","simple","1",,,,"1","0","0","0","2026-07-03","0","1","1","0","1","0",,"house","0","19","1","Διαμέρισμα Προς Ενοικίαση, όροφος: 4ος, στην περιοχή: Εξάρχεια - Νεάπολη. Το εμβαδόν του ακινήτου είναι 49 τ.μ.. Αποτελείται από: 1 Υ/Δ, 1 μπάνιο/α, 1 κουζίνα/ες, 1 σαλόνι/α. Έχει κατασκευαστεί το 1970 και ανακαινίστηκε το 2021. Η θέρμανση του ακινήτου είναι Αυτόνομη με Φυσικό αέριο, ενώ επίσης διατίθεται Κλιματισμός, έχει κουφώματα Αλουμινίου με Διπλά τζάμια, ενεργειακό πιστοποιητικό: Ε και τα δάπεδα είναι: Πλακάκια, Ξύλο, Μάρμαρο, Μωσαικό. Η κατάστασή του είναι: Ανακαινισμένο, βρίσκεται κοντά σε Ηλεκτρικό, Συγκοινωνίες, Πάρκο, Πλατεία, Super Market, Κέντρα διασκέδασης, Εστίαση και έχει Ανατολικομεσημβρινό προσανατολισμό. Το ακίνητο είναι Οροφοδιαμέρισμα, Επιπλωμένο, Γωνιακό, Ρετιρέ, Προσόψεως, Φωτεινό, Ευάερο, Ευήλιο, Διαμπερές, είναι κατάλληλο για Φοιτητές, Συγκατοίκηση και επίσης διαθέτει τα παρακάτω χαρακτηριστικά και πλεονεκτήματα: Τέντες, Ασανσέρ, Ηλεκτρ. Συσκευές, Πόρτα Ασφαλείας. Ως εγγύηση ο ιδιοκτήτης ζητά 2 ενοίκια και το τρέχον. Τα κατοικίδια δεν είναι ευπρόσδεκτα. Τιμή: €730. Lionbridge, Τηλέφωνο Επικοινωνίας: 2109969646, 6980980431, email: info@lionbridge.gr",,,"0","1","7","1","0","2026-07-03","9","6","0","yes","no","0","Αθήνα - Κέντρο (Αττική)","Γκύζη - Πεδίον Άρεως (Αθήνα - Κέντρο)","1","105103","100","6006",,"Double","1","2","0","0","1","1220293676","https://m3.spitogatos.gr/360304877_1600x1200.jpg?v=20130730","https://m2.spitogatos.gr/360304882_1600x1200.jpg?v=20130730","https://m3.spitogatos.gr/360304886_1600x1200.jpg?v=20130730","https://m2.spitogatos.gr/360312385_1600x1200.jpg?v=20130730","https://m3.spitogatos.gr/360312386_1600x1200.jpg?v=20130730","https://m1.spitogatos.gr/360312387_1600x1200.jpg?v=20130730","https://m3.spitogatos.gr/360312389_1600x1200.jpg?v=20130730","https://m1.spitogatos.gr/360312393_1600x1200.jpg?v=20130730","https://m2.spitogatos.gr/360312394_1600x1200.jpg?v=20130730","https://m2.spitogatos.gr/360312397_1600x1200.jpg?v=20130730","https://m1.spitogatos.gr/360312399_1600x1200.jpg?v=20130730","https://m1.spitogatos.gr/360312402_1600x1200.jpg?v=20130730","https://m3.spitogatos.gr/360312407_1600x1200.jpg?v=20130730",,,,,,,,,,,,,"0","0","2","1","37.990742",,"1","1","23.738525",,"0","0","0","2026-07-03","0","0","0","0","1",,"3","0","1","0",,"0","0","0","730","0","0","0","0","14.9","1","3","6","1","1","2021","0",,"1","0","1",,"0","49","0",,,"1","1","0","2026-07-03","https://www.spitogatos.gr/en/property/1220293676","0","1","1970",,"residential"
"1","Ground Floor","no","simple","1",,,,"0","1","0","0","2026-06-25","0","0","0","0","1","0",,"house","0",,"1","Loft Προς Ενοικίαση, όροφος: Ισόγειο, στην περιοχή: Γκύζη - Πεδίον Άρεως - Πλατεία Γκύζη. Το εμβαδόν του ακινήτου είναι 37 τ.μ.. Αποτελείται από: 1 Υ/Δ, 1 μπάνιο/α, 1 κουζίνα/ες, 1 σαλόνι/α. Έχει κατασκευαστεί το 1950 και ανακαινίστηκε το 2026. Η θέρμανση του ακινήτου είναι Χωρίς, ενώ επίσης διατίθεται Κλιματισμός, έχει κουφώματα Αλουμινίου με Διπλά τζάμια, ενεργειακό πιστοποιητικό: Ζ και τα δάπεδα είναι: Πλακάκια, Ξύλο. Η κατάστασή του είναι: Ανακαινισμένο, Καταπληκτική, βρίσκεται κοντά σε Συγκοινωνίες, Πλατεία, Λαική αγορά, Super Market, Κέντρο Πόλης, Μουσείο, Πανεπιστήμιο, Αγορά, Εστίαση. Το ακίνητο είναι Βαμμένο, Επιπλωμένο, Γωνιακό, Προσόψεως, Φωτεινό, Πολυτελές, Αρχοντικό, Νεοκλασικό, Μοντέρνο, είναι κατάλληλο για Φοιτητές και επίσης διαθέτει τα παρακάτω χαρακτηριστικά και πλεονεκτήματα: Σίτες, Ηλεκτρ. Συσκευές, Εσωτερική σκάλα, Πόρτα Ασφαλείας, Συναγερμός, Κάμερες Ασφαλείας, Internet, Χωρίς Κοινόχρηστα, Ησυχη γειτονιά, Οπτική ίνα. Τιμή: €650. ARC Real Estate, Τηλέφωνο Επικοινωνίας: 2107777377, email: zografou@arc-sa.gr, website: www.arcsa.gr",,,"0","0","8","1","0","2026-06-25","3","10","0","yes","no","0","Αθήνα - Κέντρο (Αττική)","Γκύζη - Πεδίον Άρεως (Αθήνα - Κέντρο)","1","105103","100","6006","2010","Double","3",,"0","0","1","1220215443","https://m2.spitogatos.gr/359003404_1600x1200.jpg?v=20130730","https://m1.spitogatos.gr/359003409_1600x1200.jpg?v=20130730","https://m3.spitogatos.gr/359003414_1600x1200.jpg?v=20130730","https://m2.spitogatos.gr/359003419_1600x1200.jpg?v=20130730","https://m3.spitogatos.gr/359003426_1600x1200.jpg?v=20130730","https://m2.spitogatos.gr/359003431_1600x1200.jpg?v=20130730","https://m2.spitogatos.gr/359003434_1600x1200.jpg?v=20130730","https://m2.spitogatos.gr/359003437_1600x1200.jpg?v=20130730","https://m3.spitogatos.gr/359003441_1600x1200.jpg?v=20130730","https://m3.spitogatos.gr/359003447_1600x1200.jpg?v=20130730","https://m2.spitogatos.gr/359004928_1600x1200.jpg?v=20130730","https://m1.spitogatos.gr/359004942_1600x1200.jpg?v=20130730","https://m2.spitogatos.gr/359004949_1600x1200.jpg?v=20130730","https://m2.spitogatos.gr/359004958_1600x1200.jpg?v=20130730","https://m2.spitogatos.gr/359004967_1600x1200.jpg?v=20130730","https://m3.spitogatos.gr/359004977_1600x1200.jpg?v=20130730","https://m2.spitogatos.gr/361025530_1600x1200.jpg?v=20130730","https://m1.spitogatos.gr/361025535_1600x1200.jpg?v=20130730","https://m2.spitogatos.gr/361025542_1600x1200.jpg?v=20130730","https://m2.spitogatos.gr/361025548_1600x1200.jpg?v=20130730","https://m1.spitogatos.gr/361025577_1600x1200.jpg?v=20130730",,,,,"1","0","2","1","37.991917",,"1","1","23.747957",,"1","0","0","2026-07-09","0","1","0","0","1","3",,"1","0","1",,"0","0","0","650","0","0","0","0","17.57","1","3","6","1","1","2026","0",,"1","0","1",,"0","37","0",,,"1","11","0","2026-06-25","https://www.spitogatos.gr/en/property/1220215443","0","0","1950",,"residential"
"1","Ground Floor",,"simple","1",,,,"0","1","0","0","2026-02-04","0","0","0","0","1",,,"house",,,"0","Διατίθεται προς ενοικίαση studio  στο Πεδίον Άρεως. Το ακίνητο διαθέτει χώρο υποδοχής και 1 μεγάλο δωμάτιο, κουζικάκι & μπάνιο με ντουζιέρα,  κεντρική θέρμανση φυσικού αερίου, κουφώματα αλουμινίου με διπλούς υαλοπίνακες, κλιματιστικό, και δάπεδα από κεραμικά πλακάκια, συναγερμό, έγχρωμη θυροτηλεόραση. Είναι πολύ φωτεινό, βλέπει σε κήπο, βρίσκεται στο Πεδίον του Άρεως δίπλα στη Λεωφ. Αλεξάνδρας, το πάρκο, σε συγκοινωνίες, νοσοκομείο κτλ",,"1",,"0","6","0","0","2026-02-06","3","4",,"yes","no","1","Αθήνα - Κέντρο (Αττική)","Γκύζη - Πεδίον Άρεως (Αθήνα - Κέντρο)","1","105103","100","6006","2037",,"2","2","0","0","1","1219332569","https://m1.spitogatos.gr/344038356_1600x1200.jpg?v=20130730","https://m3.spitogatos.gr/344038358_1600x1200.jpg?v=20130730","https://m2.spitogatos.gr/344038360_1600x1200.jpg?v=20130730","https://m1.spitogatos.gr/344038362_1600x1200.jpg?v=20130730","https://m3.spitogatos.gr/344038364_1600x1200.jpg?v=20130730","https://m2.spitogatos.gr/344038366_1600x1200.jpg?v=20130730","https://m1.spitogatos.gr/344038368_1600x1200.jpg?v=20130730","https://m3.spitogatos.gr/344038370_1600x1200.jpg?v=20130730","https://m3.spitogatos.gr/344038373_1600x1200.jpg?v=20130730","https://m2.spitogatos.gr/344038375_1600x1200.jpg?v=20130730","https://m1.spitogatos.gr/344038377_1600x1200.jpg?v=20130730","https://m1.spitogatos.gr/344038401_1600x1200.jpg?v=20130730","https://m3.spitogatos.gr/344038403_1600x1200.jpg?v=20130730",,,,,,,,,,,,,"0","0",,"1","37.990997",,"1","0","23.739462",,"0",,,"2026-07-28","0","0","0","0","1",,,"0","0","0",,"0","0","0","650","0","0","0","0","9.85","1","3","6","1","0",,"0",,"0","0","0",,"0","66","1",,"Θερειανού 6","1","1","0","2026-02-06","https://www.spitogatos.gr/en/property/1219332569",,,"1975",,
"1","3","no","simple","1",,,,"1","0","0","0","2026-07-14","0","0","1","0","1","0",,"house","0","25","0","Απέναντι από την πλατεία Αργεντινής και επί της Αλεξάνδρας, μόλις 6 λεπτά (με τα πόδια) από το Πεδίον του Άρεως και τη μελλοντική στάση μετρό Αλεξάνδρας και 17 λεπτά από τα Δικαστήρια Ευελπίδων, ενοικιάζεται φωτεινό, διαμπερές διαμέρισμα 3ου ορόφου και 99τμ με θέα στον Λυκαβηττό. Κατασκευής 1965 και πλήρως ανακαινισμένο σε ηλεκτρολογικά, κουζίνα, υδραυλικά, είδη υγιεινής, δάπεδα και κουφώματα, το διαμέρισμα αποτελείται από ενιαίο χώρο σαλονιού, κουζίνας και χώρου γραφείου με άμεση πρόσβαση στο μπαλκόνι προσόψεως, 2 υπνοδωμάτια, 1 μπάνιο, 1 WC, 1 εσωτερικό, αποθηκευτικό/laundry χώρο και 2 ακόμα μπαλκόνια στην εσωτερική όψη της πολυκατοικίας, ενώ διαθέτει ατομική θέρμανση φυσικού αερίου, πόρτα ασφαλείας, κουφώματα αλουμινίου με διπλά τζάμια, σίτες, εντοιχισμένο φούρνο, εστίες και πλυντήριο πιάτων, θυροτηλεόραση και 4 κλιματιστικές μονάδες. Διαθέσιμο από αρχές Σεπτεμβρίου. Βρίσκεται 1,4 Χιλιόμετρα από μετρό (Στάση Ηλεκτρικού Τρένου Βικτώριας), 1 Χιλιόμετρα από μετρό (Μελλοντική Στάση Μετρό Ευελπίδων), 300 Μέτρα από μετρό (Μελλοντική Στάση Μετρό Αλεξάνδρας), 1,5 Χιλιόμετρα από πανεπιστήμιο (Οικονομικό Πανεπιστήμιο Αθηνών), 850 Μέτρα από το Εφετείο Αθηνών, 1,4 Χιλιόμετρα από νοσοκομείο/κέντρο υγείας (Γενικό Νοσοκομείο Αθηνών ""Η Ελπίς""), 400 Μέτρα από πάρκο  (Πεδίον του Άρεως). GLOBALITY REAL ESTATE, Τηλέφωνο Επικοινωνίας: 2106149591, email: info@globality.gr, website: www.globality.gr",,,"0","0","6","0","0","2026-07-14","8","10","0","no","no","0","Αθήνα - Κέντρο (Αττική)","Γκύζη - Πεδίον Άρεως (Αθήνα - Κέντρο)","1","105103","100","6006","6128","Double","2","2","0","0","1","1220379220","https://m1.spitogatos.gr/361750953_1600x1200.jpg?v=20130730","https://m1.spitogatos.gr/361750956_1600x1200.jpg?v=20130730","https://m1.spitogatos.gr/361750959_1600x1200.jpg?v=20130730","https://m2.spitogatos.gr/361750963_1600x1200.jpg?v=20130730","https://m2.spitogatos.gr/361750966_1600x1200.jpg?v=20130730","https://m2.spitogatos.gr/361750969_1600x1200.jpg?v=20130730","https://m3.spitogatos.gr/361750973_1600x1200.jpg?v=20130730","https://m3.spitogatos.gr/361750976_1600x1200.jpg?v=20130730","https://m1.spitogatos.gr/361750980_1600x1200.jpg?v=20130730","https://m2.spitogatos.gr/361750984_1600x1200.jpg?v=20130730","https://m1.spitogatos.gr/361750989_1600x1200.jpg?v=20130730","https://m3.spitogatos.gr/361750994_1600x1200.jpg?v=20130730","https://m3.spitogatos.gr/361751000_1600x1200.jpg?v=20130730","https://m1.spitogatos.gr/361751004_1600x1200.jpg?v=20130730","https://m3.spitogatos.gr/361751006_1600x1200.jpg?v=20130730","https://m3.spitogatos.gr/361751009_1600x1200.jpg?v=20130730","https://m3.spitogatos.gr/361751012_1600x1200.jpg?v=20130730","https://m3.spitogatos.gr/361751015_1600x1200.jpg?v=20130730","https://m2.spitogatos.gr/361751017_1600x1200.jpg?v=20130730","https://m2.spitogatos.gr/361751020_1600x1200.jpg?v=20130730","https://m1.spitogatos.gr/361751022_1600x1200.jpg?v=20130730","https://m3.spitogatos.gr/361751024_1600x1200.jpg?v=20130730","https://m1.spitogatos.gr/361751025_1600x1200.jpg?v=20130730","https://m1.spitogatos.gr/361751028_1600x1200.jpg?v=20130730",,"0","0","2","1","37.990093","0","1","2","23.742573",,"0","0","0","2026-07-14","0","0","0","1","1",,"1","0","0","0",,"0","0","0","950","0","0","0","0","9.6","1","3","6","1","0",,"0","1","2","0","1",,"0","99","1",,,"0","1","0","2026-07-14","https://www.spitogatos.gr/en/property/1220379220","1","0","1970",,"residential"
"1","3","no","simple","1",,,,"1","0","0","0","2026-07-15","0","1","0","0","1","0",,"house",,"40","0","Κωδικός ακινήτου: 84-20375 - Γκύζη - Πεδίον Άρεως Πλατεία Γκύζη  ΕΝΟΙΚΙΑΖΕΤΑΙ   ανακαινισμένο  διαμέρισμα  στον 3 ο όροφο συνολικής επιφάνειας 92.00 τ.μ.  . Αποτελείται από 2 υπνοδωμάτια, σαλόνι, κουζίνα, μπάνιο . Είναι κατασκευασμένο το 1970 με ενεργειακή κλάση Α και ανακαινίστηκε το 2026. Διαθέτει θέρμανση κεντρική - πετρέλαιο,  κουφώματα αλουμινίου, ξύλινα πατώματα, πόρτα ασφαλείας, εντοιχιζόμενες ντουλάπες, ανελκυστήρα, A/C, τέντες, διπλά τζάμια, θυροτηλεόραση, ανοιχτωσιά     απόσταση από μετρό 500 μέτρα - Τιμή: 750 €  <br>εξαιρετικό διαμέρισμα 3ου ορόφου στο Γκύζη, σε πολύ καλή και ήσυχη τοποθεσία, κοντά σε αγορά και 500 μέτρα από το μετρό Αμπελόκηποι. <br>",,,,"1","2","0","0","2026-07-15","8","2","0","no","no","0","Αθήνα - Κέντρο (Αττική)","Γκύζη - Πεδίον Άρεως (Αθήνα - Κέντρο)","1","105103","100","6006","2010","Double","2","1","0","0","1","1220389686","https://m2.spitogatos.gr/361899859_1600x1200.jpg?v=20130730","https://m1.spitogatos.gr/361899885_1600x1200.jpg?v=20130730","https://m2.spitogatos.gr/361899895_1600x1200.jpg?v=20130730","https://m3.spitogatos.gr/361899944_1600x1200.jpg?v=20130730","https://m1.spitogatos.gr/361899957_1600x1200.jpg?v=20130730","https://m2.spitogatos.gr/361899964_1600x1200.jpg?v=20130730","https://m2.spitogatos.gr/361900009_1600x1200.jpg?v=20130730","https://m2.spitogatos.gr/361900021_1600x1200.jpg?v=20130730","https://m2.spitogatos.gr/361900030_1600x1200.jpg?v=20130730","https://m1.spitogatos.gr/361900053_1600x1200.jpg?v=20130730","https://m3.spitogatos.gr/361900085_1600x1200.jpg?v=20130730","https://m3.spitogatos.gr/361900094_1600x1200.jpg?v=20130730","https://m1.spitogatos.gr/361900140_1600x1200.jpg?v=20130730","https://m2.spitogatos.gr/361900147_1600x1200.jpg?v=20130730","https://m1.spitogatos.gr/361900167_1600x1200.jpg?v=20130730","https://m1.spitogatos.gr/361900185_1600x1200.jpg?v=20130730","https://m2.spitogatos.gr/361900195_1600x1200.jpg?v=20130730","https://m1.spitogatos.gr/361900233_1600x1200.jpg?v=20130730","https://m3.spitogatos.gr/361900244_1600x1200.jpg?v=20130730","https://m2.spitogatos.gr/361900264_1600x1200.jpg?v=20130730","https://m2.spitogatos.gr/361900285_1600x1200.jpg?v=20130730","https://m2.spitogatos.gr/361900291_1600x1200.jpg?v=20130730",,,,"0","0","2","1","37.993347",,,"1","23.746346",,"0",,,"2026-07-20","0","0","0","0","1",,,"1","0","0","1","0","0","0","750","0","0","0","0","8.15","1","3","6","1","1","2026","0","2","2","0","1","0","0","92","0",,,"0","1","0","2026-07-15","https://www.spitogatos.gr/en/property/1220389686","0","0","1970",,"residential"
"1","Ground Floor","no","simple","1",,,,"0","1","0","0","2026-06-25","0","0","0","0","1","0",,"house","0",,"0","Loft Προς Ενοικίαση, όροφος: Ισόγειο, στην περιοχή: Γκύζη - Πεδίον Άρεως - Πλατεία Γκύζη. Το εμβαδόν του ακινήτου είναι 37 τ.μ.. Αποτελείται από: 1 Υ/Δ, 1 μπάνιο/α, 1 κουζίνα/ες, 1 σαλόνι/α. Έχει κατασκευαστεί το 1950 και ανακαινίστηκε το 2026. Η θέρμανση του ακινήτου είναι Χωρίς, ενώ επίσης διατίθεται Κλιματισμός, έχει κουφώματα Αλουμινίου με Διπλά τζάμια, ενεργειακό πιστοποιητικό: Ζ και τα δάπεδα είναι: Πλακάκια, Ξύλο. Η κατάστασή του είναι: Ανακαινισμένο, Καταπληκτική, βρίσκεται κοντά σε Συγκοινωνίες, Πάρκο, Πλατεία, Εκκλησία, Λαική αγορά, Super Market, Κέντρο Πόλης, Μουσείο, Πανεπιστήμιο, Αγορά, Εστίαση. Το ακίνητο είναι Βαμμένο, Επιπλωμένο, Προσόψεως, Φωτεινό, Πολυτελές, Αρχοντικό, Νεοκλασικό, Μοντέρνο, είναι κατάλληλο για Φοιτητές και επίσης διαθέτει τα παρακάτω χαρακτηριστικά και πλεονεκτήματα: Σίτες, Ηλεκτρ. Συσκευές, Εσωτερική σκάλα, Πόρτα Ασφαλείας, Συναγερμός, Κάμερες Ασφαλείας, Internet, Χωρίς Κοινόχρηστα, Ησυχη γειτονιά, Οπτική ίνα. Τιμή: €650. ARC Real Estate, Τηλέφωνο Επικοινωνίας: 2107777377, email: zografou@arc-sa.gr, website: www.arcsa.gr",,,"0","0","8","1","0","2026-06-25","3","10","0","yes","no","0","Αθήνα - Κέντρο (Αττική)","Γκύζη - Πεδίον Άρεως (Αθήνα - Κέντρο)","1","105103","100","6006","2010","Double","3",,"0","0","1","1220215791","https://m2.spitogatos.gr/359006197_1600x1200.jpg?v=20130730","https://m3.spitogatos.gr/359006198_1600x1200.jpg?v=20130730","https://m2.spitogatos.gr/359006206_1600x1200.jpg?v=20130730","https://m3.spitogatos.gr/359006207_1600x1200.jpg?v=20130730","https://m2.spitogatos.gr/359006209_1600x1200.jpg?v=20130730","https://m3.spitogatos.gr/359006210_1600x1200.jpg?v=20130730","https://m1.spitogatos.gr/359006241_1600x1200.jpg?v=20130730","https://m3.spitogatos.gr/359006252_1600x1200.jpg?v=20130730","https://m2.spitogatos.gr/359006260_1600x1200.jpg?v=20130730","https://m2.spitogatos.gr/359006266_1600x1200.jpg?v=20130730","https://m1.spitogatos.gr/359006268_1600x1200.jpg?v=20130730","https://m2.spitogatos.gr/359006269_1600x1200.jpg?v=20130730","https://m3.spitogatos.gr/359006273_1600x1200.jpg?v=20130730","https://m3.spitogatos.gr/359006279_1600x1200.jpg?v=20130730","https://m3.spitogatos.gr/361025435_1600x1200.jpg?v=20130730","https://m3.spitogatos.gr/361025438_1600x1200.jpg?v=20130730","https://m2.spitogatos.gr/361025440_1600x1200.jpg?v=20130730","https://m2.spitogatos.gr/361025446_1600x1200.jpg?v=20130730","https://m2.spitogatos.gr/361025449_1600x1200.jpg?v=20130730",,,,,,,"1","0","2","1","37.991917",,"1","1","23.747957",,"1","0","0","2026-07-09","0","1","0","0","1","3",,"1","0","1",,"0","0","0","650","0","0","0","0","17.57","1","3","6","1","1","2026","0",,"1","0","1",,"0","37","0",,,"1","11","0","2026-06-25","https://www.spitogatos.gr/en/property/1220215791","0","0","1950",,"residential"
"0","4",,"simple","1",,,,"0","0","0","0","2026-07-16","0","1","1","0","1",,,"house",,"0","1","Αθήνα, Γκύζη, Όροφο διαμέρισμα με μεγάλες βεράντες, προς ενοικίαση.<br />
Στην περιοχή Γκύζη, πλησίον Αρείου Πάγου, διατίθεται προς ενοικίαση φωτεινό και γωνιακό όροφο διαμέρισμα 100 τ.μ., στον 4ο όροφο πολυκατοικίας με ανελκυστήρα.<br />
Το ακίνητο βρίσκεται σε πολύ καλή κατάσταση, είναι φρεσκοβαμμένο και ξεχωρίζει για τους άνετους, λειτουργικούς χώρους του και τις εντυπωσιακά μεγάλες βεράντες με απεριόριστη θέα, που αποτελούν το μεγαλύτερο πλεονέκτημά του και προσφέρουν ιδανικό χώρο για χαλάρωση και καθημερινή χρήση.<br />
Αποτελείται από ευρύχωρο σαλόνι, ανεξάρτητη κουζίνα, 3 υπνοδωμάτια, 1 μπάνιο, 1 WC επισκεπτών και laundry room.<br />
Διαθέτει κουφώματα αλουμινίου, δάπεδα από μάρμαρο και ξύλο, τέντες, ανατολικομεσημβρινό προσανατολισμό και βρίσκεται σε ήσυχη οικιστική ζώνη με εύκολη πρόσβαση.<br />
Η τοποθεσία του είναι ιδιαίτερα προνομιακή, καθώς απέχει μόλις 200 μέτρα από τη Λεωφόρο Αλεξάνδρας, 250 μέτρα από το Εφετείο Αθηνών και περίπου 800 μέτρα από σταθμό Μετρό, εξασφαλίζοντας άμεση πρόσβαση στο κέντρο της Αθήνας και σε βασικούς οδικούς άξονες.<br />
Σημείωση: Η πολυκατοικία δεν χρησιμοποιεί την κεντρική θέρμανση πετρελαίου. <br />
Ο μισθωτής θα πρέπει να τοποθετήσει μονάδες κλιματισμού για ψύξη και θέρμανση, σύμφωνα με τις ανάγκες του.<br />
Το ακίνητο διαθέτει νέα έπιπλα κουζίνας, νέα υδραυλική εγκατάσταση στην κουζίνα, καθώς και νέα ηλεκτρολογική εγκατάσταση.<br />
Επικοινωνήστε μαζί μας για περισσότερες πληροφορίες ή για να προγραμματίσετε επίσκεψη.<br />
<br />
Το στίγμα στο χάρτη είναι ενδεικτικό και δεν υποδεικνύει ακριβή θέση του ακινήτου.<br />
<br />
Η περιγραφή βασίζεται σε πληροφορίες από τον ιδιοκτήτη ή εκπρόσωπο του. <br />
Τα στοιχεία παρέχονται με καλή πίστη και δεν αποτελούν μέρος σύμβασης. <br />
Το κτηματομεσιτικό γραφείο  Royal Estates δεν φέρει καμία ευθύνη για την ακρίβεια των πληροφοριών.<br />
<br />
Η μεσιτική αμοιβή προς το γραφείο μας, σε περίπτωση αγοραπωλησίας του συγκεκριμένου ακινήτου, ανέρχεται στο 2% (δύο τοις εκατό) επί της συνολικής πραγματικής αξίας της κύριας συμβάσεως και πλέον του νόμιμου Φ.Π.A (24%), η σε περίπτωση μίσθωσης η μεσιτική αμοιβή είναι ισόποση του μισθώματος και πλέον του νόμιμου Φ.Π.Α. (24%).<br />
Η επίδειξη ταυτότητας και Α.Φ.Μ. απαιτείται κατά την επίσκεψη, βάση του Νόμου 4072/11.4.2012.<br />
<br />
Περισσότερα ακίνητα, στην ιστοσελίδα μας www.royalestates.com.gr<br />
<br />
Royal Estates.<br />
Κτηματομεσιτικές Υπηρεσίες.<br />
Τηλέφωνα: 210 677 0491,  Φαξ: 210 6770 494.<br />
akinita@royalestates.com.gr.<br />
www.royalestates.com.gr",,"0",,"1","8","1","0","2026-07-16","9","6","0","no","no","0","Αθήνα - Κέντρο (Αττική)","Γκύζη - Πεδίον Άρεως (Αθήνα - Κέντρο)","1","105103","100","6006","6129",,"3",,"0","0","1","1220402410","https://m1.spitogatos.gr/362097759_1600x1200.jpg?v=20130730","https://m1.spitogatos.gr/362097762_1600x1200.jpg?v=20130730","https://m2.spitogatos.gr/362097763_1600x1200.jpg?v=20130730","https://m1.spitogatos.gr/362097768_1600x1200.jpg?v=20130730","https://m1.spitogatos.gr/362097771_1600x1200.jpg?v=20130730","https://m2.spitogatos.gr/362097772_1600x1200.jpg?v=20130730","https://m3.spitogatos.gr/362097773_1600x1200.jpg?v=20130730","https://m1.spitogatos.gr/362097774_1600x1200.jpg?v=20130730","https://m2.spitogatos.gr/362097775_1600x1200.jpg?v=20130730","https://m2.spitogatos.gr/362097778_1600x1200.jpg?v=20130730","https://m2.spitogatos.gr/362097781_1600x1200.jpg?v=20130730","https://m2.spitogatos.gr/362097784_1600x1200.jpg?v=20130730","https://m2.spitogatos.gr/362097787_1600x1200.jpg?v=20130730","https://m1.spitogatos.gr/362097789_1600x1200.jpg?v=20130730","https://m1.spitogatos.gr/362097792_1600x1200.jpg?v=20130730","https://m3.spitogatos.gr/362097794_1600x1200.jpg?v=20130730","https://m1.spitogatos.gr/362097798_1600x1200.jpg?v=20130730","https://m2.spitogatos.gr/362097799_1600x1200.jpg?v=20130730","https://m3.spitogatos.gr/362097800_1600x1200.jpg?v=20130730","https://m1.spitogatos.gr/362097801_1600x1200.jpg?v=20130730","https://m2.spitogatos.gr/362097802_1600x1200.jpg?v=20130730","https://m1.spitogatos.gr/362097804_1600x1200.jpg?v=20130730","https://m2.spitogatos.gr/362097805_1600x1200.jpg?v=20130730","https://m3.spitogatos.gr/362097806_1600x1200.jpg?v=20130730",,"0","0","2","1","37.990891",,"1","1","23.750946",,"0",,,"2026-07-16","0","0","0","1","1",,"3","1","0","0",,"0","0","0","1100","0","0","0","0","11","1","3","6","1","0",,"0","1","3","0","0",,"0","100","0",,,"0","1","0","2026-07-16","https://www.spitogatos.gr/en/property/1220402410","1","1","1975",,"residential"
"1","3","yes","simple","1",,,,"1","1","0","0","2026-07-22","0","0","1","0","1","0",,"house","0",,"0","Φωτεινό & Ανακαινισμένο Διαμέρισμα 38 τ.μ. | Γκύζη / Πεδίον του Άρεως<br />
<br />
Το ακίνητο αποτελεί έναν εξαιρετικά προσεγμένο και λειτουργικό χώρο διαβίωσης σε μία από τις πιο βολικές και κεντρικές γειτονιές της Αθήνας (ιδανικό για φοιτητές).<br />
<br />
⭐Κύρια Χαρακτηριστικά:<br />
<br />
Έτος Κατασκευής: 2010<br />
<br />
Όροφος: 3<br />
<br />
Διαρρύθμιση: 1 ευρύχωρο υπνοδωμάτιο, άνετο σαλόνι, κουζίνα, μπάνιο και μπαλκόνι.<br />
<br />
📍Στρατηγικό Σημείο: Βρίσκεται σε εξαιρετικό σημείο, σε απόσταση αναπνοής από το Οικονομικό Πανεπιστήμιο Αθηνών (ΟΠΑ / ΑΣΟΕΕ) και το Πεδίον του Άρεως, με άμεση πρόσβαση σε μέσα μαζικής μεταφοράς και τοπική αγορά.<br />
<br />
Για περισσότερες πληροφορίες, φωτογραφίες και προγραμματισμό επίσκεψης στον χώρο επικοινωνήστε μαζί μας.<br />
<br />
📞Τηλέφωνο επικοινωνίας: 6931712222 / 2107770057 (Διαθέσιμοι και μέσω WhatsApp / Viber)",,,"0","1","2","1","0","2026-07-22","8","4","1","no","no","0","Αθήνα - Κέντρο (Αττική)","Γκύζη - Πεδίον Άρεως (Αθήνα - Κέντρο)","1","105103","100","6006","6129","Double","1","2","0","0","1","1220439134","https://m1.spitogatos.gr/362720532_1600x1200.jpg?v=20130730","https://m2.spitogatos.gr/362720551_1600x1200.jpg?v=20130730","https://m1.spitogatos.gr/362720478_1600x1200.jpg?v=20130730","https://m1.spitogatos.gr/362720475_1600x1200.jpg?v=20130730","https://m2.spitogatos.gr/362720506_1600x1200.jpg?v=20130730","https://m3.spitogatos.gr/362720456_1600x1200.jpg?v=20130730","https://m3.spitogatos.gr/362720459_1600x1200.jpg?v=20130730","https://m3.spitogatos.gr/362720462_1600x1200.jpg?v=20130730","https://m3.spitogatos.gr/362720465_1600x1200.jpg?v=20130730","https://m2.spitogatos.gr/362720560_1600x1200.jpg?v=20130730","https://m2.spitogatos.gr/362720470_1600x1200.jpg?v=20130730","https://m2.spitogatos.gr/362720566_1600x1200.jpg?v=20130730","https://m2.spitogatos.gr/362720482_1600x1200.jpg?v=20130730","https://m2.spitogatos.gr/362720485_1600x1200.jpg?v=20130730",,,,,,,,,,,,"0","0","2","1","37.990231",,"1","1","23.74604",,"0","0","1","2026-07-28","0","0","0","0","1","4","7","1","0","0",,"0","0","0","600","0","0","0","0","15.79","1",,,"1","1",,"0","1","1","1","1",,"0","38","0",,"Βαρβάκη Ιωάννη, 14, Αθήνα Ελλάδα, 11474","1","1","0","2026-07-22","https://www.spitogatos.gr/en/property/1220439134","1","0","2010",,"residential"
"1","1","no","simple","1",,,,"1","0","0","0","2026-06-08","0","1","1","0","1","0",,"house","0","20","0","Διαμέρισμα Προς Ενοικίαση, όροφος: 1ος, στην περιοχή: Γκύζη - Πεδίον Άρεως. Το εμβαδόν του ακινήτου είναι 53 τ.μ.. Αποτελείται από: 1 Υ/Δ, 1 μπάνιο/α, 1 κουζίνα/ες, 1 σαλόνι/α. Έχει κατασκευαστεί το 1981 και ανακαινίστηκε το 2024. Η θέρμανση του ακινήτου είναι Χωρίς, ενώ επίσης διατίθεται Κλιματισμός, Boiler, έχει κουφώματα Αλουμινίου με Διπλά τζάμια, ενεργειακό πιστοποιητικό: Γ και τα δάπεδα είναι: Πλακάκια. Η κατάστασή του είναι: Ανακαινισμένο, Φρεσκοβαμμένο, βρίσκεται κοντά σε Συγκοινωνίες, Super Market, έχει θέα Αστικό τοπίο. Το ακίνητο είναι Προσόψεως, Φωτεινό, Ευάερο, Διαμπερές, είναι κατάλληλο για Συγκατοίκηση και επίσης διαθέτει τα παρακάτω χαρακτηριστικά και πλεονεκτήματα: Σίτες, Τέντες, Ασανσέρ, Πόρτα Ασφαλείας, Ησυχη γειτονιά. Το διαμέρισμα βρίσκεται σε δρόμο-αδιέξοδο με αποτέλεσμα να είναι πολύ ασφαλές και εξαιρετικά ήσυχο .Ως εγγύηση ο ιδιοκτήτης ζητά 2 ενοίκια και το τρέχον. . Τιμή: €690. Lionbridge, Τηλέφωνο Επικοινωνίας: 2109969646, 6980980431, email: info@lionbridge.gr",,,"0","1","5","1","0","2026-06-08","6","4","0","no","no","0","Αθήνα - Κέντρο (Αττική)","Γκύζη - Πεδίον Άρεως (Αθήνα - Κέντρο)","1","105103","100","6006",,"Double","3",,"0","0","1","1220068174","https://m1.spitogatos.gr/356403537_1600x1200.jpg?v=20130730","https://m1.spitogatos.gr/356403543_1600x1200.jpg?v=20130730","https://m2.spitogatos.gr/356403568_1600x1200.jpg?v=20130730","https://m1.spitogatos.gr/356403576_1600x1200.jpg?v=20130730","https://m3.spitogatos.gr/356403584_1600x1200.jpg?v=20130730","https://m3.spitogatos.gr/356403593_1600x1200.jpg?v=20130730","https://m2.spitogatos.gr/356403604_1600x1200.jpg?v=20130730","https://m2.spitogatos.gr/356403613_1600x1200.jpg?v=20130730","https://m3.spitogatos.gr/356403620_1600x1200.jpg?v=20130730","https://m3.spitogatos.gr/356403629_1600x1200.jpg?v=20130730","https://m3.spitogatos.gr/356403641_1600x1200.jpg?v=20130730","https://m3.spitogatos.gr/356403650_1600x1200.jpg?v=20130730","https://m2.spitogatos.gr/356403658_1600x1200.jpg?v=20130730","https://m1.spitogatos.gr/356403669_1600x1200.jpg?v=20130730","https://m1.spitogatos.gr/356403678_1600x1200.jpg?v=20130730","https://m1.spitogatos.gr/356403690_1600x1200.jpg?v=20130730",,,,,,,,,,"0","0","2","1","37.991428",,"1","1","23.748976",,"0","0","0","2026-06-15","0","0","0","0","1",,,"0","0","1",,"0","0","0","690","0","0","0","0","13.02","1","3","6","1","1","2024","0",,"1","0","1",,"0","53","0",,,"0","1","0","2026-06-08","https://www.spitogatos.gr/en/property/1220068174","1","0","1981",,"residential"
"1","2","no","simple","1",,,,"1","0","0","0","2026-06-01","0","1","0","0","1","0",,"house",,"10","0","<br>Στην περιοχή Γκύζη, σε μία από τις πιο ζωντανές και εξυπηρετούμενες γειτονιές της Αθήνας, διατίθεται προς ενοικίαση εξαιρετικό διαμέρισμα 94 τ.μ. στον 2ο όροφο καλοδιατηρημένης πολυκατοικίας.<br />
Το ακίνητο ανακαινίστηκε μερικώς το 2026, συνδυάζοντας τη διαχρονική αρχιτεκτονική αισθητική με σύγχρονες ανέσεις, δημιουργώντας έναν ιδιαίτερα φιλόξενο και λειτουργικό χώρο διαβίωσης. Αποτελεί ιδανική επιλογή για οικογένειες, ζευγάρια, επαγγελματίες ή όσους αναζητούν ευρύχωρη κατοικία στο κέντρο της Αθήνας.<br><strong>Χώροι:<br> </strong>Δύο ευρύχωρα υπνοδωμάτια, με άνετους χώρους και εντοιχισμένες ντουλάπες για πρακτική αποθήκευση.<br>Μεγάλο και φωτεινό σαλόνι, ιδανικό για οικογενειακές στιγμές, φιλοξενία φίλων ή δημιουργία χώρου εργασίας στο σπίτι.<br>Ανεξάρτητη κουζίνα και επιπλέον δωμάτιο τραπεζαρίας που εξυπηρετεί άνετα τις καθημερινές ανάγκες.<br>Άνετο μπάνιο, πρακτικά σχεδιασμένο για μεγαλύτερη ευκολία στην καθημερινότητα.<br><strong>Ε</strong><strong>πιπλέον χαρακτηριστικά:<br></strong>Ατομική θέρμανση φυσικού αερίου για οικονομία και πλήρη έλεγχο της κατανάλωσης.<br>Δύο κλιματιστικά (A/C), ένα στο σαλόνι και ένα στο υπνοδωμάτιο για άνεση όλες τις εποχές του χρόνου.<br>Πόρτα ασφαλείας για αυξημένη προστασία.<br>Εντοιχισμένες ντουλάπες που προσφέρουν άφθονους αποθηκευτικούς χώρους.<br>Αποθήκη 4 τ.μ., ιδανική για επιπλέον οργάνωση του νοικοκυριού.<br>Ανελκυστήρας.<br>Τέντες για μεγαλύτερη προστασία και σκίαση.<br>Δάπεδα από ξύλο και μωσαϊκό που προσδίδουν διαχρονική κομψότητα και χαρακτήρα.<br>Θέα σε αστικό τοπίο και αίσθηση γειτονιάς στο κέντρο της πόλης<br><strong>Τοποθεσία:</strong> <br>Η περιοχή Γκύζη αποτελεί μία από τις πιο δημοφιλείς περιοχές κατοικίας της Αθήνας, προσφέροντας άμεση πρόσβαση στο κέντρο, το Πεδίον του Άρεως, εμπορικά καταστήματα, σούπερ μάρκετ, καφέ, εστιατόρια, σχολεία και μέσα μαζικής μεταφοράς (μόλις 10 λεπτά με τα πόδια απο το μετρό Αμπελοκήπων).<br />
Η καθημερινότητα γίνεται εύκολη και άνετη, καθώς όλες οι απαραίτητες υπηρεσίες βρίσκονται σε κοντινή απόσταση, ενώ η περιοχή διατηρεί τον αυθεντικό χαρακτήρα μιας αθηναϊκής γειτονιάς.<br>Ιδανικό για Οικογένειες που αναζητούν άνετους χώρους, Ζευγάρια που επιθυμούν ποιοτική κατοικία στο κέντρο της Αθήνας, Επαγγελματίες και τηλεργαζόμενους, Συγκατοίκηση δύο ατόμων λόγω της λειτουργικής διαρρύθμισης των υπνοδωματίων.<br>Ένα ευρύχωρο και ιδιαίτερα φωτεινό διαμέρισμα που συνδυάζει την άνεση των μεγάλων χώρων με την εξαιρετική τοποθεσία, προσφέροντας μια ολοκληρωμένη πρόταση κατοικίας σε μία από τις πιο αγαπημένες γειτονιές της Αθήνας.<br><strong><br />
<br />
Τιμή Ενοικίασης: 750€ / μήνα<br>Κωδικός Ακινήτου: 1-17</strong><br><br />
Στο πλαίσιο της εναρμόνισής μας με τον Νόμο περί μεσιτών (Ν. 4072 /11 -4 -2012 ΦΕΚ 86 ), για<br />
την υπόδειξη ακινήτου και την υπογραφή Εντολής Υπόδειξης, το γραφείο μας τηρεί<br />
διαδικασία ταυτοποίησης και καταγραφής των στοιχείων του ενδιαφερομένου,<br />
ζητώντας ΑΦΜ και Δελτίο Ταυτότητας ή διαβατήριο, για λόγους ορθής τεκμηρίωσης<br />
της μεσιτικής διαδικασίας και προστασίας των συναλλασσόμενων μερών.<br> <br>",,,,"1","8","1","0","2026-06-06","7","11","0","no","no","0","Αθήνα - Κέντρο (Αττική)","Γκύζη - Πεδίον Άρεως (Αθήνα - Κέντρο)","1","105103","100","6006","6129","Single","4","2","0","0","1","1220061796","https://m1.spitogatos.gr/362676165_1600x1200.jpg?v=20130730","https://m1.spitogatos.gr/362676174_1600x1200.jpg?v=20130730","https://m3.spitogatos.gr/362676182_1600x1200.jpg?v=20130730","https://m1.spitogatos.gr/362676186_1600x1200.jpg?v=20130730","https://m1.spitogatos.gr/362676189_1600x1200.jpg?v=20130730","https://m1.spitogatos.gr/362676195_1600x1200.jpg?v=20130730","https://m3.spitogatos.gr/362676203_1600x1200.jpg?v=20130730","https://m3.spitogatos.gr/362676209_1600x1200.jpg?v=20130730","https://m1.spitogatos.gr/362676213_1600x1200.jpg?v=20130730","https://m2.spitogatos.gr/362676217_1600x1200.jpg?v=20130730","https://m3.spitogatos.gr/362676221_1600x1200.jpg?v=20130730","https://m3.spitogatos.gr/362676224_1600x1200.jpg?v=20130730","https://m1.spitogatos.gr/362676228_1600x1200.jpg?v=20130730","https://m2.spitogatos.gr/362676232_1600x1200.jpg?v=20130730","https://m3.spitogatos.gr/362676257_1600x1200.jpg?v=20130730","https://m3.spitogatos.gr/362676260_1600x1200.jpg?v=20130730","https://m1.spitogatos.gr/362676270_1600x1200.jpg?v=20130730","https://m1.spitogatos.gr/362676273_1600x1200.jpg?v=20130730","https://m2.spitogatos.gr/362676277_1600x1200.jpg?v=20130730","https://m2.spitogatos.gr/362676283_1600x1200.jpg?v=20130730","https://m2.spitogatos.gr/362676289_1600x1200.jpg?v=20130730","https://m1.spitogatos.gr/362676294_1600x1200.jpg?v=20130730","https://m2.spitogatos.gr/362676298_1600x1200.jpg?v=20130730","https://m2.spitogatos.gr/362676301_1600x1200.jpg?v=20130730","https://m2.spitogatos.gr/362676304_1600x1200.jpg?v=20130730","0","0","1","1","37.991344",,,"1","23.746687",,"0",,,"2026-07-28","0","0","0","0","1","6",,"1","0","0",,"0","0","0","750","0","0","0","0","7.98","1","3","6","1","0","2026","0","2","2","0","1",,"0","94","1","4",,"1","1","0","2026-06-06","https://www.spitogatos.gr/en/property/1220061796","1","0","1970",,"residential"
"1","2","no","simple","1",,,,"0","0","0","0","2026-07-14","0","0","1","0","0","0",,"house","0",,"0","Επί της Λεωφόρου Αλεξάνδρας διατίθεται διαμέρισμα 55 τ.μ., λειτουργικής διαρρύθμισης, αποτελούμενο από σαλόνι, ένα υπνοδωμάτιο με εντοιχισμένη ντουλάπα, χώρο υποδοχής (hall), κουζίνα και λουτρό. Διαθέτει μεγάλο και άνετο μπαλκόνι. Παρότι βρίσκεται επί ενός από τους κεντρικότερους οδικούς άξονες της Αθήνας, το διαμέρισμα είναι εσωτερικό, γεγονός που του εξασφαλίζει ιδιαίτερα ήσυχο περιβάλλον.<br />
Διαθέτει πόρτα ασφαλείας, καινούργια ενεργειακά κουφώματα αλουμινίου με διπλά τζάμια, ανάκληση και σίτες σε όλα τα παράθυρα και τις μπαλκονόπορτες, δύο ολοκαίνουργια κλιματιστικά Midea, καινούργιες πρίζες και διακόπτες σε όλους τους χώρους, καινούργιες μπαταρίες σε κουζίνα και λουτρό, καθώς και ξύλινο δάπεδο στο σαλόνι και στο υπνοδωμάτιο.<br />
Το διαμέρισμα είναι κατάλληλο τόσο για κατοικία όσο και για επαγγελματική στέγη (γραφείο, ιατρείο ή άλλη επαγγελματική χρήση, σύμφωνα με τις ισχύουσες διατάξεις και τον κανονισμό της πολυκατοικίας).<br />
Βρίσκεται σε εξαιρετικά εξυπηρετούμενο σημείο, με άμεση πρόσβαση σε μέσα μαζικής μεταφοράς, αγορά, υπηρεσίες και κάθε είδους καταστήματα, πλησίον Αρείου Πάγου, ενώ απέχει περίπου 6 - 7 λεπτά με τα πόδια από τον σταθμό Μετρό Αμπελόκηποι. Τιμή: €600. Remax Friends, Τηλέφωνο Επικοινωνίας: 2109210700, email: info@remaxfriends.gr, website: www.remaxfriends.gr<br />
Η θέση του ακινήτου στον χάρτη είναι ενδεικτική.",,,"0","1","8","0","0","2026-07-14","7","2","1","no","no","0","Αθήνα - Κέντρο (Αττική)","Γκύζη - Πεδίον Άρεως (Αθήνα - Κέντρο)","1","105103","100","6006","6129","Double","2","1","0","0","1","1220374830","https://m3.spitogatos.gr/361673453_1600x1200.jpg?v=20130730","https://m1.spitogatos.gr/361673454_1600x1200.jpg?v=20130730","https://m2.spitogatos.gr/361673455_1600x1200.jpg?v=20130730","https://m3.spitogatos.gr/361673456_1600x1200.jpg?v=20130730","https://m2.spitogatos.gr/361673458_1600x1200.jpg?v=20130730","https://m1.spitogatos.gr/361673460_1600x1200.jpg?v=20130730","https://m1.spitogatos.gr/361673463_1600x1200.jpg?v=20130730","https://m3.spitogatos.gr/361673465_1600x1200.jpg?v=20130730","https://m2.spitogatos.gr/361673467_1600x1200.jpg?v=20130730","https://m1.spitogatos.gr/361673469_1600x1200.jpg?v=20130730","https://m1.spitogatos.gr/361673472_1600x1200.jpg?v=20130730","https://m2.spitogatos.gr/361673476_1600x1200.jpg?v=20130730",,,,,,,,,,,,,,"0","0","2","1","37.989025",,"1","1","23.749449",,"0","0","0","2026-07-14","0","0","0","0","1",,,"0","0","1",,"0","0","0","600","0","0","0","0","10.91","1","3","6","1","0",,"0",,"1","0","1",,"0","55","0",,,"0","1","0","2026-07-14","https://www.spitogatos.gr/en/property/1220374830","0","0","1975",,"residential"
"0","2","no","simple","1",,,,"1","0","0","0","2026-01-05","0","0","1","0","0","0",,"house","0",,"0","Διαμέρισμα Προς Ενοικίαση, όροφος: 2ος, στην περιοχή: Γκύζη - Πεδίον Άρεως - Πεδίο Άρεως. Το εμβαδόν του ακινήτου είναι 89 τ.μ.. Αποτελείται από: 2 Υ/Δ, 1 μπάνιο/α, 1 wc, 1 κουζίνα/ες, 1 σαλόνι/α. Έχει κατασκευαστεί το 1970. Η θέρμανση του ακινήτου είναι Κεντρική με Πετρέλαιο, έχει κουφώματα Ξύλινα με Μονά τζάμια, ενεργειακό πιστοποιητικό: Ζ και τα δάπεδα είναι: Ξύλο, Μωσαικό. Η κατάστασή του είναι: Καλή. Το ακίνητο είναι Προσόψεως, Διαμπερές και επίσης διαθέτει τα παρακάτω χαρακτηριστικά και πλεονεκτήματα: Ασανσέρ, Αποθήκη. Τιμή: €700. Cosmoland, Τηλέφωνο Επικοινωνίας: 2106914070, email: cosmoland1@gmail.com",,,"0","1","8","1","0","2026-01-05","7","2","0","no","no","0","Αθήνα - Κέντρο (Αττική)","Γκύζη - Πεδίον Άρεως (Αθήνα - Κέντρο)","1","105103","100","6006","6128","Single","2","1","0","0","1","1218952237","https://m1.spitogatos.gr/343832793_1600x1200.jpg?v=20130730","https://m3.spitogatos.gr/343832795_1600x1200.jpg?v=20130730","https://m2.spitogatos.gr/343832797_1600x1200.jpg?v=20130730","https://m2.spitogatos.gr/343832800_1600x1200.jpg?v=20130730","https://m1.spitogatos.gr/343832802_1600x1200.jpg?v=20130730","https://m1.spitogatos.gr/343832805_1600x1200.jpg?v=20130730","https://m3.spitogatos.gr/343832807_1600x1200.jpg?v=20130730","https://m1.spitogatos.gr/343832811_1600x1200.jpg?v=20130730","https://m2.spitogatos.gr/339051142_1600x1200.jpg?v=20130730","https://m3.spitogatos.gr/339051143_1600x1200.jpg?v=20130730","https://m1.spitogatos.gr/339051144_1600x1200.jpg?v=20130730","https://m2.spitogatos.gr/339051160_1600x1200.jpg?v=20130730","https://m3.spitogatos.gr/339051164_1600x1200.jpg?v=20130730","https://m1.spitogatos.gr/339051168_1600x1200.jpg?v=20130730","https://m3.spitogatos.gr/339051179_1600x1200.jpg?v=20130730","https://m1.spitogatos.gr/339051210_1600x1200.jpg?v=20130730","https://m3.spitogatos.gr/339051215_1600x1200.jpg?v=20130730","https://m3.spitogatos.gr/339051218_1600x1200.jpg?v=20130730","https://m3.spitogatos.gr/339051242_1600x1200.jpg?v=20130730","https://m3.spitogatos.gr/339051245_1600x1200.jpg?v=20130730","https://m1.spitogatos.gr/339051246_1600x1200.jpg?v=20130730","https://m3.spitogatos.gr/339051254_1600x1200.jpg?v=20130730","https://m3.spitogatos.gr/339051257_1600x1200.jpg?v=20130730","https://m2.spitogatos.gr/339051280_1600x1200.jpg?v=20130730",,"0","0","1","1","37.990784",,"1","1","23.742113",,"0","0",,"2026-02-23","0","0","0","1","1",,,"0","0","0",,"0","0","0","700","0","0","0","0","7.87","1","3","6","1","0",,"0",,"2","0","0",,"0","89","1",,,"0","1","0","2026-01-05","https://www.spitogatos.gr/en/property/1218952237","0","0","1970",,"residential"
"0","2","no","simple","1",,,,"1","0","0","0","2026-06-01","0","0","0","0","1","0",,"house",,"30","0","<br>Στην καρδιά της Γκύζη, σε μία από τις πιο δημοφιλείς και ζωντανές γειτονιές της Αθήνας, διατίθεται προς ενοικίαση φωτεινό και λειτουργικό διαμέρισμα 77 τ.μ. στον 2ο όροφο καλοδιατηρημένης πολυκατοικίας.<br />
Πρόκειται για μία ιδιαίτερα προσεγμένη κατοικία που προσφέρει άνετους χώρους, πρακτική διαρρύθμιση και όλα τα απαραίτητα χαρακτηριστικά για μια ευχάριστη καθημερινότητα, αποτελώντας ιδανική επιλογή για ζευγάρια, μικρές οικογένειες, επαγγελματίες ή συγκατοίκηση.<br />
<br><strong>Χώροι: </strong><br />
<br />
<br />
Φωτεινή και ευρύχωρη σαλονοτραπεζαρία, ιδανική για στιγμές χαλάρωσης, που χωρίζεται με εσωτερικές συρόμενες πόρτες και διαμορφώνεται σε ανεξάρτητο δεύτερο υπνοδωμάτιο με εντοιχιζόμενες ντουλάπες ή για δημιουργία χώρου εργασίας στο σπίτι.<br />
<br />
<br />
Ανεξάρτητη κουζίνα, λειτουργικά σχεδιασμένη για να εξυπηρετεί τις καθημερινές ανάγκες του νοικοκυριού.<br />
<br />
<br />
Άνετο μπάνιο με πρακτική διαρρύθμιση.<br />
<br />
<br />
Επιπλέον WC, ένα σημαντικό πλεονέκτημα που προσφέρει μεγαλύτερη άνεση στην καθημερινή χρήση και τη φιλοξενία επισκεπτών. Μεγάλα μπαλκόνια υπάρχουν στην σαλονοτραπεζαρία που βλέπουν στην πρόσοψη καθώς και στην κουζίνα και το υπνοδωμάτιο που βλέπουν ακάλυπτο κήπο.<br><strong>Επιπλέον χαρακτηριστικά: </strong>Κεντρική θέρμανση πετρελαίου, Πόρτα ασφαλείας για αυξημένη προστασία και ιδιωτικότητα, Κουφώματα αλουμινίου συρόμενου τύπου, Εντοιχισμένες ντουλάπες, Μαρμάρινα δάπεδα που προσδίδουν διαχρονική κομψότητα και αίσθηση ποιότητας, Ανελκυστήρας, Καλή φυσική φωτεινότητα, Θέα σε αστικό τοπίο<br><strong>Τοποθεσία: </strong>Η περιοχή Γκύζη αποτελεί μία από τις πλέον αγαπημένες για κατοικία στο κέντρο της Αθήνας, καθώς συνδυάζει εύκολη πρόσβαση στο κέντρο της πόλης με τη γειτονική αίσθηση μιας οργανωμένης αστικής συνοικίας.<br />
Σε κοντινή απόσταση θα βρείτε:<br />
<br />
<br />
Σούπερ μάρκετ και εμπορικά καταστήματα, Καφέ και εστιατόρια, Σχολεία και υπηρεσίες, Στάσεις λεωφορείων, Το Πεδίον του Άρεως για περίπατο και άθληση. Όλες οι καθημερινές ανάγκες εξυπηρετούνται εύκολα.<br>Ιδανικό για<br />
<br />
<br />
Ζευγάρια που αναζητούν άνετους χώρους, Μικρές οικογένειες, Επαγγελματίες που εργάζονται στο κέντρο της Αθήνας, Συγκατοίκηση δύο ατόμων λόγω της λειτουργικής διαρρύθμισης και του επιπλέον WC.<br><br><br />
<br />
Τιμή Ενοικίασης: 650€ / μήνα<br>Κωδικός Ακινήτου: 1-18<br><br>Ένα ευρύχωρο και λειτουργικό διαμέρισμα σε εξαιρετική τοποθεσία, που συνδυάζει άνεση, πρακτικότητα και εύκολη πρόσβαση σε όλες τις παροχές της πόλης, προσφέροντας μια ολοκληρωμένη πρόταση κατοικίας στο κέντρο της Αθήνας.<br><br>Στο πλαίσιο της<br />
εναρμόνισής μας με τον Νόμο περί μεσιτών (Ν. 4072 /11 -4 -2012 ΦΕΚ 86 ), για<br />
την υπόδειξη ακινήτου και την υπογραφή Εντολής Υπόδειξης, το γραφείο μας τηρεί<br />
διαδικασία ταυτοποίησης και καταγραφής των στοιχείων του ενδιαφερομένου,<br />
ζητώντας ΑΦΜ και Δελτίο Ταυτότητας ή διαβατήριο, για λόγους ορθής τεκμηρίωσης<br />
της μεσιτικής διαδικασίας και προστασίας των συναλλασσόμενων μερών.<br> <br>",,,,"1","6","1","0","2026-06-11","7","1","0","no","no","0","Αθήνα - Κέντρο (Αττική)","Γκύζη - Πεδίον Άρεως (Αθήνα - Κέντρο)","1","105103","100","6006","2010","Single","2","1","0","0","1","1220099021","https://m2.spitogatos.gr/356869267_1600x1200.jpg?v=20130730","https://m1.spitogatos.gr/356869284_1600x1200.jpg?v=20130730","https://m2.spitogatos.gr/356869297_1600x1200.jpg?v=20130730","https://m2.spitogatos.gr/356869309_1600x1200.jpg?v=20130730","https://m2.spitogatos.gr/356869330_1600x1200.jpg?v=20130730","https://m2.spitogatos.gr/356869339_1600x1200.jpg?v=20130730","https://m2.spitogatos.gr/356869354_1600x1200.jpg?v=20130730","https://m2.spitogatos.gr/356869372_1600x1200.jpg?v=20130730","https://m1.spitogatos.gr/356869386_1600x1200.jpg?v=20130730","https://m1.spitogatos.gr/356869404_1600x1200.jpg?v=20130730","https://m3.spitogatos.gr/356869418_1600x1200.jpg?v=20130730","https://m3.spitogatos.gr/356869439_1600x1200.jpg?v=20130730","https://m2.spitogatos.gr/356869450_1600x1200.jpg?v=20130730","https://m2.spitogatos.gr/356869465_1600x1200.jpg?v=20130730","https://m2.spitogatos.gr/356869477_1600x1200.jpg?v=20130730","https://m1.spitogatos.gr/356869488_1600x1200.jpg?v=20130730","https://m3.spitogatos.gr/356869493_1600x1200.jpg?v=20130730","https://m1.spitogatos.gr/356869500_1600x1200.jpg?v=20130730","https://m1.spitogatos.gr/356869506_1600x1200.jpg?v=20130730","https://m2.spitogatos.gr/356869513_1600x1200.jpg?v=20130730","https://m1.spitogatos.gr/356869521_1600x1200.jpg?v=20130730","https://m2.spitogatos.gr/356869528_1600x1200.jpg?v=20130730","https://m2.spitogatos.gr/356869534_1600x1200.jpg?v=20130730","https://m1.spitogatos.gr/356869542_1600x1200.jpg?v=20130730",,"0","0","2","1","37.994232",,,"1","23.745874",,"0",,,"2026-07-28","0","0","0","1","1","5",,"1","0","0",,"0","0","0","650","0","0","0","0","8.44","1","3","6","1","0",,"0","2","2","0","1",,"0","77","0",,,"1","1","0","2026-06-11","https://www.spitogatos.gr/en/property/1220099021","1","0","1980",,"residential"
"1","Ground Floor","no","simple","1",,,,"1","0","0","0","2026-07-02","0","0","1","0","1",,,"house",,,"0","Αθήνα, Γκύζη-Πλατεία Γκύζη, Διαμέρισμα Προς Ενοικίαση, 61 τ.μ., Κατάσταση: Ανακαινισμένο, Όροφος: Ισόγειο, 1 Επίπεδο/α, 1 Υ/Δ 1 Κουζίνα/ες, 1 Μπάνιο/α, Θέρμανση: Αυτόνομη - Ρεύμα, Θέα: Αστικό τοπίο, Έτος κατασκευής: 1970, Ενεργειακό Πιστοποιητικό: Δ, Δάπεδα: Πλακακι + Ξυλινο παρκε, Kουφώματα: Αλουμινίου, Χαρακτηριστικά: Πόρτα Ασφαλείας, Νυχτερινό ρεύμα, Καλωδιακή Τηλεόραση, Διπλά Τζάμια, Βεράντες, Επιτρέπονται Κατοικίδια, Επενδυτικό, Πολυτελές, Διαμπερές, Προσόψεως, Εσωτερικό, Φωτεινό, Κλιματισμός, Βαμμένο, Ανακαινισμένο, Για Φοιτητές, Κατάλληλο για επαγγελματική χρήση, Τιμή: 590€. Master Ηome Real Estate, Τηλ. Επικοινωνίας: 2103803064-061-062, email: masterhome.sales@gmail.com",,"1",,"0","6","1","0","2026-07-02","3","4","1","no","no","0","Αθήνα - Κέντρο (Αττική)","Γκύζη - Πεδίον Άρεως (Αθήνα - Κέντρο)","1","105103","100","6006","2010",,"1","4","0","0","1","1220291045","https://m2.spitogatos.gr/360258712_1600x1200.jpg?v=20130730","https://m3.spitogatos.gr/360258713_1600x1200.jpg?v=20130730","https://m2.spitogatos.gr/360258715_1600x1200.jpg?v=20130730","https://m1.spitogatos.gr/360258717_1600x1200.jpg?v=20130730","https://m3.spitogatos.gr/360258719_1600x1200.jpg?v=20130730","https://m1.spitogatos.gr/360258720_1600x1200.jpg?v=20130730","https://m3.spitogatos.gr/360258722_1600x1200.jpg?v=20130730","https://m2.spitogatos.gr/360258724_1600x1200.jpg?v=20130730","https://m1.spitogatos.gr/360258726_1600x1200.jpg?v=20130730","https://m3.spitogatos.gr/360258728_1600x1200.jpg?v=20130730",,,,,,,,,,,,,,,,"0","1","2","1","37.993446",,"1","1","23.745882",,"1",,,"2026-07-02","0","0","1","0","1",,,"1","0","0","1","0","0","0","590","0","0","0","0","9.67","1","3","6","1","1","2024","0",,"1","0","1",,"0","61","0",,,"1","1","0","2026-07-02","https://www.spitogatos.gr/en/property/1220291045","1",,"1970",,"residential"
"1","3","no","simple","1",,,,"0","0","0","0","2025-08-11","0","1","1","0","1","0",,"house","0",,"0","Προς ενοικίαση προσφέρεται επιπλωμένο αρχοντικά σε στύλ vintage και πλήρως εξοπλισμένο, ένα φωτεινό και ευάερο διαμέρισμα 100 τ.μ. στον 3ο όροφο, στο Πεδίον του Άρεως, κοντά στην Πλατεία Γκύζη. Το ακίνητο, κατασκευής 1970, βρίσκεται σε πολύ καλή κατάσταση και διαθέτει 2 υπνοδωμάτια, με δυνατότητα 3ου υπνοδωματίου, 1 μπάνιο, 1 WC, κουζίνα και ευρύχωρο σαλόνι, με δάπεδα από ξύλο και μωσαϊκό. Εξοπλισμένο με αυτόνομη θέρμανση πετρελαίου, κλιματισμό, καλοριφέρ, κουφώματα αλουμινίου και ενεργειακό πιστοποιητικό κατηγορίας Η, προσφέρει άνεση και λειτουργικότητα. Η τοποθεσία του είναι ιδανική, με εύκολη πρόσβαση σε μετρό, πολλές γραμμές συγκοινωνίας, πάρκο, παραλία, σχολεία, παιδικό σταθμό, λαϊκή αγορά, super market, κέντρα διασκέδασης, πρεσβείες, μουσεία, πανεπιστήμιο και χώρους εστίασης. Το διαμέρισμα είναι αρχοντικό, κατάλληλο για οικογένειες, επαγγελματίες και φοιτητές, διαθέτει σίτες, τέντες, ασανσέρ, ηλεκτρικές συσκευές και πόρτα ασφαλείας. Τιμή ενοικίασης: €800. Για περισσότερες πληροφορίες, επικοινωνήστε με την KW Cosmos στο 2121073000 ή μέσω email τοπίο.: kwcosmos@kwgreece.gr.",,,"0","1","9","0","0","2025-08-11","8","2","1","no","no","0","Αθήνα - Κέντρο (Αττική)","Γκύζη - Πεδίον Άρεως (Αθήνα - Κέντρο)","1","105103","100","6006",,,"1","1","0","0","1","1218074299","https://m3.spitogatos.gr/324643211_1600x1200.jpg?v=20130730","https://m3.spitogatos.gr/324643217_1600x1200.jpg?v=20130730","https://m1.spitogatos.gr/324643224_1600x1200.jpg?v=20130730","https://m1.spitogatos.gr/324643230_1600x1200.jpg?v=20130730","https://m2.spitogatos.gr/324643237_1600x1200.jpg?v=20130730","https://m1.spitogatos.gr/324643248_1600x1200.jpg?v=20130730","https://m1.spitogatos.gr/324643257_1600x1200.jpg?v=20130730","https://m3.spitogatos.gr/324643268_1600x1200.jpg?v=20130730","https://m2.spitogatos.gr/324643276_1600x1200.jpg?v=20130730","https://m1.spitogatos.gr/324643287_1600x1200.jpg?v=20130730","https://m3.spitogatos.gr/324643298_1600x1200.jpg?v=20130730","https://m2.spitogatos.gr/324643309_1600x1200.jpg?v=20130730","https://m2.spitogatos.gr/324643327_1600x1200.jpg?v=20130730","https://m1.spitogatos.gr/324643344_1600x1200.jpg?v=20130730","https://m2.spitogatos.gr/324643357_1600x1200.jpg?v=20130730","https://m2.spitogatos.gr/324643363_1600x1200.jpg?v=20130730","https://m2.spitogatos.gr/324643369_1600x1200.jpg?v=20130730","https://m3.spitogatos.gr/324643376_1600x1200.jpg?v=20130730","https://m1.spitogatos.gr/324643383_1600x1200.jpg?v=20130730","https://m2.spitogatos.gr/324643390_1600x1200.jpg?v=20130730","https://m3.spitogatos.gr/324643394_1600x1200.jpg?v=20130730","https://m2.spitogatos.gr/324643399_1600x1200.jpg?v=20130730","https://m3.spitogatos.gr/324643403_1600x1200.jpg?v=20130730","https://m2.spitogatos.gr/324643405_1600x1200.jpg?v=20130730","https://m1.spitogatos.gr/324643407_1600x1200.jpg?v=20130730","0","0","2","1","37.992558",,"1","1","23.748579",,"0","0","0","2026-07-27","0","0","0","1","1",,,"0","0","1",,"0","0","0","800","0","0","0","0","8","1","3","6","1","0",,"0",,"2","0","1",,"0","100","0",,,"1","1","0","2025-08-11","https://www.spitogatos.gr/en/property/1218074299","1","0","1970",,"residential"
"1","2","no","simple","1",,,,"1","0","0","0","2026-07-03","0","1","0","0","1","0",,"house",,"10","0","Κωδικός ακινήτου: 84-20143 - Γκύζη - Πεδίον Άρεως Πλατεία Γκύζη  ΕΝΟΙΚΙΑΖΕΤΑΙ   ανακαινισμένο  διαμέρισμα  στον 2 ο όροφο συνολικής επιφάνειας 94.00 τ.μ.  . Αποτελείται από 2 υπνοδωμάτια, σαλόνι, κουζίνα, μπάνιο . Είναι κατασκευασμένο το 1970 με ενεργειακή κλάση Ε  και διαθέτει θέρμανση αυτόνομη - φυσικού αερίου,  κουφώματα αλουμινίου, πατώματα από μωσαϊκό και ξύλο, πόρτα ασφαλείας, εντοιχιζόμενες ντουλάπες, ανελκυστήρα, A/C, τέντες, νυχτερινό ρεύμα, ανοιχτωσιά, εσωτερική σκάλα      - Τιμή: 750 €  <br>εξαιρετικό διαμέρισμα 2ου ορόφου στην περιοχή Γκύζη, σε πολύ καλή και ήσυχη τοποθεσία ,κοντά στην αγορά. <br>",,,,"1","7","0","0","2026-07-03","7","11","0","no","no","0","Αθήνα - Κέντρο (Αττική)","Γκύζη - Πεδίον Άρεως (Αθήνα - Κέντρο)","1","105103","100","6006","6129","Single","1","2","0","0","1","1220296325","https://m2.spitogatos.gr/360353398_1600x1200.jpg?v=20130730","https://m1.spitogatos.gr/360353406_1600x1200.jpg?v=20130730","https://m1.spitogatos.gr/360353415_1600x1200.jpg?v=20130730","https://m3.spitogatos.gr/360353423_1600x1200.jpg?v=20130730","https://m2.spitogatos.gr/360353431_1600x1200.jpg?v=20130730","https://m2.spitogatos.gr/360353437_1600x1200.jpg?v=20130730","https://m3.spitogatos.gr/360353444_1600x1200.jpg?v=20130730","https://m2.spitogatos.gr/360353449_1600x1200.jpg?v=20130730","https://m2.spitogatos.gr/360353452_1600x1200.jpg?v=20130730","https://m1.spitogatos.gr/360353457_1600x1200.jpg?v=20130730","https://m1.spitogatos.gr/360353460_1600x1200.jpg?v=20130730","https://m2.spitogatos.gr/360353464_1600x1200.jpg?v=20130730","https://m3.spitogatos.gr/360353468_1600x1200.jpg?v=20130730","https://m2.spitogatos.gr/360353473_1600x1200.jpg?v=20130730","https://m2.spitogatos.gr/360353479_1600x1200.jpg?v=20130730","https://m3.spitogatos.gr/360353483_1600x1200.jpg?v=20130730","https://m3.spitogatos.gr/360353486_1600x1200.jpg?v=20130730","https://m3.spitogatos.gr/360353489_1600x1200.jpg?v=20130730","https://m1.spitogatos.gr/360353493_1600x1200.jpg?v=20130730","https://m3.spitogatos.gr/360353495_1600x1200.jpg?v=20130730","https://m3.spitogatos.gr/360353498_1600x1200.jpg?v=20130730","https://m1.spitogatos.gr/360353499_1600x1200.jpg?v=20130730","https://m3.spitogatos.gr/360353501_1600x1200.jpg?v=20130730","https://m1.spitogatos.gr/360353502_1600x1200.jpg?v=20130730",,"1","0","2","1","37.99044",,,"1","23.745754",,"0",,,"2026-07-16","0","0","1","0","1",,"2","1","0","0","1","0","0","0","750","0","0","0","0","7.98","1","3","6","1","1",,"0","7","2","0","1",,"0","94","0",,,"0","1","0","2026-07-03","https://www.spitogatos.gr/en/property/1220296325","0","0","1970",,"residential"
"1","4","no","simple","1",,,,"0","0","0","0","2026-06-16","0","1","0","0","1","0",,"house","0","30","0","Διαμέρισμα Προς Ενοικίαση, όροφος: 4ος, στην περιοχή: Γκύζη - Πεδίον Άρεως. Το εμβαδόν του ακινήτου είναι 72 τ.μ.. Αποτελείται από: 2 Υ/Δ, 1 μπάνιο/α, 1 κουζίνα/ες, 1 σαλόνι/α. Έχει κατασκευαστεί το 1976 και ανακαινίστηκε το 2026, ενώ επίσης διατίθεται Κλιματισμός, έχει κουφώματα Αλουμινίου με Διπλά τζάμια, ενεργειακό πιστοποιητικό: Ζ και τα δάπεδα είναι: Ξύλο, Μωσαικό, βρίσκεται κοντά σε Συγκοινωνίες, Πάρκο, Πλατεία, Super Market, Εστίαση, έχει θέα Καλή. Το ακίνητο είναι Επιπλωμένο, Ρετιρέ, Προσόψεως, Φωτεινό, Ευάερο, Ευήλιο, είναι κατάλληλο για Φοιτητές, Επαγγελματικό, Συγκατοίκηση και επίσης διαθέτει τα παρακάτω χαρακτηριστικά και πλεονεκτήματα: Σίτες, Τέντες, Ασανσέρ, Πόρτα Ασφαλείας, Επιτρέπονται Κατοικίδια, Βεράντα. Ως εγγύηση ο ιδιοκτήτης ζητά 1 ενοίκιο και το τρέχον. Κατάλληλο και για επαγγελματική στέγη. . Τιμή: €750. Lionbridge, Τηλέφωνο Επικοινωνίας: 2109969646, 6980980431, email: info@lionbridge.gr",,,"0","1","8","1","0","2026-06-16","9","2","1","yes","no","0","Αθήνα - Κέντρο (Αττική)","Γκύζη - Πεδίον Άρεως (Αθήνα - Κέντρο)","1","105103","100","6006",,"Double",,,"0","0","1","1220135157","https://m3.spitogatos.gr/357483989_1600x1200.jpg?v=20130730","https://m1.spitogatos.gr/357483993_1600x1200.jpg?v=20130730","https://m1.spitogatos.gr/357483999_1600x1200.jpg?v=20130730","https://m2.spitogatos.gr/357484000_1600x1200.jpg?v=20130730","https://m2.spitogatos.gr/357484003_1600x1200.jpg?v=20130730","https://m3.spitogatos.gr/357484004_1600x1200.jpg?v=20130730","https://m2.spitogatos.gr/357484006_1600x1200.jpg?v=20130730","https://m2.spitogatos.gr/357484009_1600x1200.jpg?v=20130730","https://m2.spitogatos.gr/357484012_1600x1200.jpg?v=20130730","https://m2.spitogatos.gr/357484015_1600x1200.jpg?v=20130730","https://m1.spitogatos.gr/357484020_1600x1200.jpg?v=20130730","https://m1.spitogatos.gr/357484023_1600x1200.jpg?v=20130730","https://m3.spitogatos.gr/357484028_1600x1200.jpg?v=20130730","https://m3.spitogatos.gr/357484034_1600x1200.jpg?v=20130730",,,,,,,,,,,,"0","0","2","1","37.989902",,"1","1","23.749287",,"0","0","0","2026-06-16","0","0","0","0","1",,,"0","1","1","1","0","0","0","750","0","0","0","0","10.42","1","3","6","1","0",,"0",,"2","0","1",,"0","72","0",,,"1","1","0","2026-06-16","https://www.spitogatos.gr/en/property/1220135157","1","0","1976",,"residential"
"1","2","no","simple","1",,,,"0","1","0","0","2026-07-21","0","0","1","0","1","0",,"house","0",,"0","Διαμέρισμα Προς Ενοικίαση, όροφος: 2ος, στην περιοχή: Εξάρχεια - Νεάπολη. Το εμβαδόν του ακινήτου είναι 80 τ.μ.. Αποτελείται από: 2 Υ/Δ, 1 μπάνιο/α, 1 wc, 1 κουζίνα/ες, 1 σαλόνι/α. Έχει κατασκευαστεί το 1975. Η θέρμανση του ακινήτου είναι Ατομική με Φυσικό αέριο, ενώ επίσης διατίθεται Κλιματισμός, Καλοριφέρ, έχει κουφώματα Αλουμινίου με Διπλά τζάμια, ενεργειακό πιστοποιητικό: Δ και τα δάπεδα είναι: Πλακάκια. Η κατάστασή του είναι: Ανακαινισμένο, βρίσκεται κοντά σε Συγκοινωνίες, Πάρκο, Πλατεία, Super Market, Αγορά, Εστίαση. Το ακίνητο είναι Βαμμένο, Επιπλωμένο, Φωτεινό, Μοντέρνο και επίσης διαθέτει τα παρακάτω χαρακτηριστικά και πλεονεκτήματα: Σίτες, Ασανσέρ, Ηλεκτρ. Συσκευές, Αποθήκη, Πόρτα Ασφαλείας, Συναγερμός, Χωρίς Κοινόχρηστα, Επιτρέπονται Κατοικίδια. Τιμή: €1.100. Agathos & Associates Real Estate, Τηλέφωνο Επικοινωνίας: 2109412300, email: agathosnikos@yahoo.gr, website: www.agathos-realestate.gr",,,"0","1","6","0","0","2026-07-21","7","4","0","yes","no","0","Αθήνα - Κέντρο (Αττική)","Γκύζη - Πεδίον Άρεως (Αθήνα - Κέντρο)","1","105103","100","6006",,"Double","4","2","0","0","1","1220433450","https://m2.spitogatos.gr/362587231_1600x1200.jpg?v=20130730","https://m1.spitogatos.gr/362587233_1600x1200.jpg?v=20130730","https://m3.spitogatos.gr/362587235_1600x1200.jpg?v=20130730","https://m2.spitogatos.gr/362587237_1600x1200.jpg?v=20130730","https://m3.spitogatos.gr/362587250_1600x1200.jpg?v=20130730","https://m1.spitogatos.gr/362587254_1600x1200.jpg?v=20130730","https://m3.spitogatos.gr/362587280_1600x1200.jpg?v=20130730","https://m3.spitogatos.gr/362587286_1600x1200.jpg?v=20130730","https://m3.spitogatos.gr/362587289_1600x1200.jpg?v=20130730","https://m2.spitogatos.gr/362587291_1600x1200.jpg?v=20130730","https://m1.spitogatos.gr/362587293_1600x1200.jpg?v=20130730","https://m3.spitogatos.gr/362587295_1600x1200.jpg?v=20130730","https://m1.spitogatos.gr/362587308_1600x1200.jpg?v=20130730","https://m2.spitogatos.gr/362587312_1600x1200.jpg?v=20130730","https://m2.spitogatos.gr/362587315_1600x1200.jpg?v=20130730","https://m3.spitogatos.gr/362587328_1600x1200.jpg?v=20130730","https://m3.spitogatos.gr/362587334_1600x1200.jpg?v=20130730","https://m3.spitogatos.gr/362587337_1600x1200.jpg?v=20130730","https://m2.spitogatos.gr/362587348_1600x1200.jpg?v=20130730","https://m2.spitogatos.gr/362587351_1600x1200.jpg?v=20130730","https://m3.spitogatos.gr/362587355_1600x1200.jpg?v=20130730","https://m3.spitogatos.gr/362587382_1600x1200.jpg?v=20130730",,,,"0","0","2","1","37.9902",,"1","1","23.74218",,"0","0","0","2026-07-21","0","0","0","1","1",,,"1","0","1","1","0","0","0","1100","0","0","0","0","13.75","1","3","6","1","1",,"0","1","2","0","1",,"0","80","1",,,"0","1","0","2026-07-21","https://www.spitogatos.gr/en/property/1220433450","0","0","1975",,"residential"
"0","3",,"simple","1",,,,"0","0","0","0","2026-07-13","0","0","0","0","0",,,"house",,,"0","Πολύ κοντά στην Λεωφόρο Αλεξάνδρας, αλλά σε πάροδο αυτής, ενοικιάζεται πλήρως επιπλωμένο και πλήρως εξοπλισμένο διαμέρισμα, 72 τ.μ., 3ου ορόφου. Αποτελείται από χολ, σαλόνι, χωριστή τραπεζαρία, 1 υ/δ, κουζίνα με όλες τις ηλεκτρικές συσκευές, καθώς και πλυντήριο ρούχων. Διαθέτει κεντρική θέρμανση πετρελαίου με θερμιδομετρητές. Τα δάπεδα είναι ξύλινα και στους βοηθητικούς χώρους μαρμάρινα. Δίδεται με όλα τα έπιπλα και τα αντικείμενα που εικονίζονται στις φωτογραφίες και για αυτόν τον λόγο θα απαιτηθούν περισσότερες από μία εγγυήσεις. Ιδιαίτερο,  για ανθρώπους που αγαπούν την τέχνη.<br />
Ενοίκιο 800 ευρώ.<br />
New Deal Real Estate Group<br />
Τηλ.: 2103390500<br />
Κωδικός ακινήτου: ΔΚΟ 03928<br />
Κωδικός ακινήτου: ΔΚΟ03928",,"0",,"1","10","0","0","2026-05-05","8",,,"yes","no","0","Αθήνα - Κέντρο (Αττική)","Γκύζη - Πεδίον Άρεως (Αθήνα - Κέντρο)","1","105103","100","6006","6128",,"2","1","0","0","1","1219829163","https://m1.spitogatos.gr/352439841_1600x1200.jpg?v=20130730","https://m2.spitogatos.gr/352439845_1600x1200.jpg?v=20130730","https://m1.spitogatos.gr/352439856_1600x1200.jpg?v=20130730","https://m1.spitogatos.gr/352439862_1600x1200.jpg?v=20130730","https://m1.spitogatos.gr/352439871_1600x1200.jpg?v=20130730","https://m3.spitogatos.gr/352439876_1600x1200.jpg?v=20130730",,,,,,,,,,,,,,,,,,,,"0","0",,"1","37.990509",,"1","0","23.741898",,"0",,,"2026-07-28","0","0","0","0","1",,,"0","0","0",,"0","0","0","800","0","0","0","0","11.11","1","3","6","1","0",,"0",,"1","0","0",,"0","72","1",,"Κων/νου Σχινά 4","0","1","0","2026-05-05","https://www.spitogatos.gr/en/property/1219829163",,,"1965",,
